-49.48982881228406, 0.0039716782225264705, 10.467715607237055, 0.5, 0.0
-48.96505830879157, -0.014976570764962727, 10.468626557939423, 0.4963041769147026, 0.0
-47.91407881760644, 0.5660440053869742, 10.471606767991743, 0.6266445078634698, 0.0
-46.86839267735821, 0.5191799033192592, 10.4751429638554, 0.6172206639418467, 0.0
-45.82257414077825, 0.4176845908368554, 10.478049034667853, 0.5948397569987169, 0.0
-44.76441661376982, -0.584466978745585, 10.479143480186924, 0.3709048956635008, 0.0
-44.25613943752988, 1.136081947134028, 10.478787842164598, 0.7520962000533192, 0.0
-43.20454961982575, 2.2536055271194346, 10.476877642823087, 0.9979443325164042, 0.0
-42.126306742036085, 1.3208769482139981, 10.474433910393445, 0.7895590920921398, 0.0
-41.06543980727038, 0.4884207563341345, 10.472734682444914, 0.6067635909448978, 0.0
-40.02177900427781, 0.019610978193450368, 10.473005818801742, 0.5101060718383308, 0.0
-39.04446851005543, -0.4510842926941383, 10.474918686585536, 0.42566258621322245, 0.0
-38.65137798080806, -0.871207923199653, 10.475837521144273, 0.3490677284946197, 0.0
-37.989880191347844, -1.6888188177252925, 10.476342087448941, 0.21945671903288522, 0.0
-37.067553315957134, -2.137551074243782, 10.475380833440752, 0.21436049055112824, 0.0
-35.95851196563061, -2.399055979604541, 10.474575954908492, 0.2650415459862947, 0.0
-34.629564748971596, -1.9799419002920344, 10.474444845909405, 0.46154234508446595, 0.0
-33.53161730883972, -1.9702978161726055, 10.474710065681968, 0.5399410892289755, 0.0
-33.01328757075894, -2.012555666302448, 10.474899732652512, 0.5608684472187426, 0.0
-32.02475351046281, -2.3224761374157423, 10.475210331022563, 0.5373895895157281, 0.0
-30.95836179943944, -1.7437639744241373, 10.475286829128402, 0.6925049492460479, 0.0
-29.92461823076227, -3.0487277145312497, 10.475189537452323, 0.4082239419357119, 0.0
-28.842029390843926, -2.8998878939512496, 10.475017035881688, 0.4255531946188976, 0.0
-28.32061976379394, -2.7359865271104713, 10.474933387600714, 0.4460684201927997, 0.0
-27.394935821403898, -2.0868785279806796, 10.474832848733922, 0.5450614408103567, 0.0
-26.329551286359642, -2.0068144742005374, 10.474862316061328, 0.49158536203093517, 0.0
-25.373089741278346, -1.577989236836757, 10.474966411790366, 0.5025068769789127, 0.0
-23.938959606200903, -2.1528582861455505, 10.475070590335742, 0.2558242207954095, 0.0
-23.324371970465602, -0.9617433364915797, 10.475100598826588, 0.43734758973336585, 0.0
-22.938965198511838, -0.5241464549525658, 10.475074635626443, 0.4907728829881977, 0.0
-22.055523292946773, 0.4531041869652461, 10.474989463802888, 0.6354461457552865, 0.0
-20.706478142084986, 1.2293956064931097, 10.474942450128738, 0.7955485900347736, 0.0
-19.713908594263692, 0.08602662310032372, 10.474968083558293, 0.6031196725849634, 0.0
-18.795582092034085, -0.5916467907338143, 10.475005305890784, 0.5653761898086684, 0.0
-18.55414261868907, -1.864180721799752, 10.475020019394304, 0.37842730444044564, 0.0
-18.06042294503701, -2.0812148220218285, 10.475020749511085, 0.42223438225847504, 0.0
-18.132298552488464, -3.4648258431040317, 10.4750142736727, 0.2085931478016936, 0.0
-16.67259791654277, -3.6499728905755746, 10.47500430293793, 0.4350795669490011, 0.0
-15.521613562327435, -4.066906592359729, 10.474997178709819, 0.5722486951901427, 0.0
-14.863493705947361, -4.888274192471659, 10.474993288083247, 0.5611183525081219, 0.0
-14.908174011990527, -5.659862856231287, 10.474992358931821, 0.4371165811399495, 0.0
-15.342442238888161, -7.66976303781018, 10.47499214007524, 0.05447574908938925, 0.0
-12.991783641428146, -6.692394574605279, 10.474993583310438, 0.5686142606527431, 0.0
-11.957145094767192, -7.024385922492552, 10.474996060033513, 0.6587511082930712, 0.0
-10.870018505484243, -7.174934188708342, 10.474998941640557, 0.7745838252345938, 0.0
-10.284603540132244, -8.071341367907484, 10.475001599527664, 0.6755421865685329, 0.0
-10.165792828769476, -8.924512224563044, 10.475002648137524, 0.5224496177060824, 0.0
-9.498810962053998, -10.033797175335025, 10.475003915746598, 0.3637264589662356, 0.0
-8.272222761365109, -9.800827964893388, 10.475004202702312, 0.5100648066633716, 0.0
-7.173238408986553, -9.721871821713703, 10.475003732931512, 0.5970918561490307, 0.0
-6.25584902251116, -10.472359454457141, 10.475002730373609, 0.47758250110804723, 0.0
-5.242700106576958, -11.169602736523526, 10.475001418968002, 0.35506231831173773, 0.0
-4.677643979284948, -10.955929538361918, 10.47500071742838, 0.41253337893934855, 0.0
-3.5914252731540857, -10.8363194746248, 10.474999362637618, 0.44461097301135916, 0.0
-2.5459081400384003, -10.4966475133195, 10.47499825884768, 0.5069701074903883, 0.0
-1.6216883507146922, -9.752539450443235, 10.474997628578615, 0.6428395290230055, 0.0
-0.8137386176818437, -8.959074349137698, 10.474997569370789, 0.775870272550925, 0.0
-0.11333293099372344, -8.175068694043748, 10.474997957830109, 0.8953972303431363, 0.0
0.28718955463374063, -7.9894667640558055, 10.47499827431635, 0.901500647686495, 0.0
1.3646681501423985, -8.127703282357793, 10.474999060564793, 0.7710558120390604, 0.0
1.768964444920333, -7.128906642873968, 10.47499992953158, 0.9155588483547248, 0.0
2.1809794381571894, -6.34856586529801, 10.475000735237188, 1.0, 0.0
3.523538740715968, -6.507282975223379, 10.475001331702101, 0.7698944654279908, 0.0
4.8620970526972345, -6.99114018773899, 10.475001505850694, 0.4758947576127415, 0.0
5.349470420721676, -6.053842408570353, 10.47500151486133, 0.5121971955770439, 0.0
6.343258968654898, -5.353770953194479, 10.475001044910044, 0.3960993148298267, 0.0
6.381463365145297, -4.186718606904826, 10.475000311114156, 0.4903301393183826, 0.0
5.81375685374311, -2.9487069785634303, 10.474999574794111, 0.6932850730504277, 0.0
5.524547539154576, -1.9204176277807434, 10.474999097270347, 0.8035755541209824, 0.0
5.6847408596624955, -1.4670470978157917, 10.474999034982956, 0.7819739262805847, 0.0
6.142867405206534, -0.5209965494718798, 10.474999253297327, 0.6953454780358036, 0.0
5.5584964452255825, 0.4735651427558307, 10.474999726605162, 0.8274038230375542, 0.0
7.6618218642133336, 1.5555255816161204, 10.475000210057097, 0.3550626496997684, 0.0
7.429882881258303, 2.5915344786719126, 10.475000465651206, 0.4016495169481878, 0.0
7.7271123645106705, 3.6390970490704357, 10.475000428532722, 0.3339316539756632, 0.0
7.929396679874856, 4.161406275037972, 10.475000336371176, 0.28935301556900056, 0.0
8.514398401426394, 5.197031332425845, 10.475000083685858, 0.16230115980780638, 0.0
7.459475809576585, 6.274044907190013, 10.474999844974073, 0.4025355506123112, 0.0
7.442059673588863, 7.327754019971548, 10.47499974224019, 0.4145579284294155, 0.0
7.031577646155401, 8.392039991176308, 10.474999798817928, 0.5139055532153464, 0.0
6.058579631790102, 8.92122574381349, 10.474999862991739, 0.7326966810426816, 0.0
6.281609808305841, 9.92874847184353, 10.475000012001274, 0.6825287035941631, 0.0
6.286776902094986, 10.930653646347627, 10.475000120456587, 0.6696603434630761, 0.0
6.422441581919147, 11.968813738197698, 10.475000135388724, 0.6121245449886811, 0.0
5.951656531030096, 12.890586181916516, 10.475000083062895, 0.6747005399686115, 0.0
5.74149687611218, 13.852175549658464, 10.475000003270473, 0.6593983177699102, 0.0
5.5721172660949145, 14.307616837753283, 10.474999965509094, 0.6590378990977467, 0.0
4.514212583689808, 14.793976789856583, 10.47499991912561, 0.825973082601274, 0.0
3.8513553688064697, 15.42524230156237, 10.474999933503788, 0.8770144972721492, 0.0
3.723782697714285, 16.55400955236484, 10.474999985492213, 0.7485065139839302, 0.0
2.952161976031311, 17.25657686723978, 10.475000037101792, 0.7799191043670798, 0.0
2.267692278949758, 18.092398124909767, 10.475000050342162, 0.7745583883821359, 0.0
2.0908774153998047, 18.664786520793378, 10.475000032305568, 0.7233931930357339, 0.0
2.124114323747577, 20.045104308659237, 10.474999973531911, 0.5315107513431527, 0.0
1.4730230162705, 20.901066719331652, 10.474999952183271, 0.5556013646186626, 0.0
0.3857676429648711, 21.70850179941583, 10.475000012098949, 0.7091542133699584, 0.0
0.7858438710983044, 22.964377962393797, 10.475000066478893, 0.5591741827115627, 0.0
0.4885660244941743, 23.52054878828122, 10.475000062468787, 0.6140419701453844, 0.0
0.20478863526682956, 24.752984449910674, 10.475000007183143, 0.6912773858571372, 0.0
0.2689861650079126, 26.055577223556693, 10.474999933863142, 0.7479296895705191, 0.0
0.24463520186670662, 27.674301109416522, 10.47499989649225, 0.9158792908772293, 0.0
1.5041805693780295, 28.4258234653697, 10.47499993859753, 0.811482967611689, 0.0
3.461746275750624, 27.58643224636043, 10.475000035991163, 0.397648552170343, 0.0
3.738712934115642, 28.15362475764418, 10.475000089437474, 0.4773698237555598, 0.0
4.62119844391278, 28.85243447126643, 10.475000173809649, 0.5464031622320311, 0.0
5.458611404527271, 30.474794903200518, 10.475000185461957, 0.8506983873661024, 0.0
6.698001570201435, 29.723120508024184, 10.475000092143171, 0.6496767275026074, 0.0
7.7656654235666736, 29.27572992982213, 10.474999937899023, 0.5419791621343449, 0.0
8.788380227845336, 28.86532778539263, 10.4749997859443, 0.4563400334891991, 0.0
9.306976171234341, 28.789668798732897, 10.474999730580096, 0.44489687054712596, 0.0
10.345732455101736, 28.24966417609933, 10.474999695222557, 0.33600515083850035, 0.0
11.422153515411688, 27.774322269876162, 10.47499975486062, 0.23872316656773448, 0.0
12.544256336592163, 27.130172162119695, 10.474999880883228, 0.09809470720890864, 0.0
13.636175873941136, 28.181828660955464, 10.475000044280984, 0.3254793877647266, 0.0
14.550849092031381, 29.886792073780427, 10.475000216044492, 0.6885624513074484, 0.0
15.057373733338075, 29.877095650217356, 10.475000295997969, 0.673240192629936, 0.0
16.16148417336199, 29.4861818465616, 10.475000425917488, 0.5457979852119355, 0.0
17.486307424294914, 28.74348646317979, 10.475000491679273, 0.31128172714648117, 0.0
18.05148434688987, 30.18277614509145, 10.475000464273926, 0.5680797445014086, 0.0
18.251961270826207, 31.75296370198138, 10.475000317497997, 0.8610379773583033, 0.0
18.265202472328546, 32.48454406855323, 10.475000202859091, 0.9986228007679241, 0.0
19.516550716901442, 32.26834132236186, 10.474999924126703, 0.7956051592679374, 0.0
20.584593733625987, 32.51909902655895, 10.474999624829401, 0.676619386207696, 0.0
20.517120709427697, 33.79024374050922, 10.474999359416612, 0.8761330624035192, 0.0
20.58694634044054, 34.7787306765609, 10.474999182337772, 0.9928463307243504, 0.0
20.971396871237157, 35.50506717700898, 10.474999148042308, 1.0, 0.0
21.688115272736677, 35.65187920503044, 10.474999201453787, 0.8702366448159063, 0.0
22.95857876360263, 36.190984917743656, 10.474999483426055, 0.6479689893592878, 0.0
22.561796298370968, 37.22920341716479, 10.475000044305274, 0.7901347429145601, 0.0
21.739849319368638, 38.197407640727114, 10.475000870042305, 1.0, 0.0
22.480437119800364, 39.11278785811746, 10.475001652806318, 0.844315588033332, 0.0
22.91945256858471, 40.14352723073657, 10.47500200602209, 0.7444669132838103, 0.0
24.025840990124873, 40.705741035287794, 10.475001900744337, 0.49522541341634885, 0.0
23.824613408685444, 41.7650169343132, 10.475000885664457, 0.5341303474160728, 0.0
25.11585349694346, 42.838787360098344, 10.474998852482614, 0.2449880183112082, 0.0
25.386952334670585, 43.944077214714994, 10.474996755962534, 0.17974349291174724, 0.0
23.686513687934614, 44.89201694547836, 10.474995703218383, 0.5434959481176097, 0.0
23.397130872045746, 45.36113316372715, 10.47499591423546, 0.5951787155737526, 0.0
23.6221558531023, 46.45522074870591, 10.47499834240977, 0.5, 1.0
23.32817887032977, 47.4641271689742, 10.475002469467693, 0.5, 1.0
22.95508073490976, 48.45564239547209, 10.475006329390771, 0.5, 1.0
22.52056680830097, 49.42707911247587, 10.475007938978477, 0.5, 1.0
22.042326259306456, 50.37574448166868, 10.475005317751078, 0.5, 1.0
21.79074795011076, 50.840154660760724, 10.475002068577412, 0.5, 1.0
21.254230860825597, 51.74079635796011, 10.474993731843623, 0.5, 1.0
20.656596152647314, 52.590920849691315, 10.474986565848733, 0.5, 1.0
19.97787943633422, 53.374993346968004, 10.474984916897734, 0.5, 1.0
19.2001957540899, 54.07756419723298, 10.474992562165744, 0.5, 1.0
18.32931222423433, 54.68415211517482, 10.475006805374116, 0.5, 1.0
17.865400100949444, 54.94711857411901, 10.47501427844906, 0.5, 1.0
16.89377394848441, 55.38373604606841, 10.475025632859623, 0.5, 1.0
15.88126366925093, 55.68971899558506, 10.475026472043313, 0.5, 1.0
14.848148520278302, 55.85304038092402, 10.47501099540899, 0.5, 1.0
13.806863432280373, 55.88099432804236, 10.474984710953729, 0.5, 1.0
12.765134478316204, 55.79247323466352, 10.47495991508828, 0.5, 1.0
12.246497924099723, 55.71048774597034, 10.474951946874143, 0.5, 1.0
11.218469406203882, 55.48297328094198, 10.474952612877852, 0.5, 1.0
10.208395920435946, 55.18622327132471, 10.474983437752623, 0.5, 1.0
9.216248533851422, 54.835360617947735, 10.475033397236869, 0.5, 1.0
8.238271723463786, 54.443605256592186, 10.475080122419067, 0.5, 1.0
7.753412506168157, 54.23651833274969, 10.475095247835789, 0.5, 1.0
6.789582891022027, 53.80817704338981, 10.475094975698283, 0.5, 1.0
5.831840083570228, 53.36899081211786, 10.47504072592565, 0.5, 1.0
4.88748341831126, 52.90864788239892, 10.474953375753538, 0.5, 1.0
3.9679304503158974, 52.408105385988726, 10.474869901202558, 0.5, 1.0
3.084613752081597, 51.848288615932915, 10.474827336998839, 0.5, 1.0
2.65997918540461, 51.540425963147186, 10.474832609127189, 0.5, 1.0
1.8426308010092292, 50.87267930642262, 10.474895098044229, 0.5, 1.0
1.0555741582595874, 50.156837699104805, 10.47500056128707, 0.5, 1.0
0.28399839277360583, 49.41857098464266, 10.475117226504567, 0.5, 1.0
-0.4869073598307252, 48.68354900648519, 10.47521332134558, 0.5, 1.0
-1.2719539639354838, 47.977441608081236, 10.475257073458959, 0.5, 1.0
-1.6744084804199164, 47.64325270236464, 10.475249392133058, 0.5, 1.0
-2.5084367324916714, 47.02864813005779, 10.475155056996604, 0.5, 1.0
-3.393632997019023, 46.507132746126814, 10.474928948254666, 0.5, 1.0
-4.343933356143324, 46.10341706914213, 10.474553064320874, 0.5, 1.0
-5.354819953809037, 45.821974213213295, 10.474299904296213, 0.5, 1.0
-5.876123284698423, 45.722528448459315, 10.47439026342221, 0.5, 1.0
-6.9362065144912854, 45.59646044460067, 10.475354942200893, 0.5, 1.0
-8.000600506837642, 45.55452007391245, 10.477831678015216, 0.5, 1.0
-9.049193955588656, 45.57698732718344, 10.483158929498755, 0.5, 1.0
-10.089001738656856, 45.60205425200657, 10.500558193050095, 0.5, 1.0
-11.139684963146584, 45.560761582445245, 10.541344963367113, 0.5, 1.0
-11.668811523111565, 45.5296271266695, 10.568882745184093, 0.5, 1.0
-12.726492599865837, 45.515957692626806, 10.629080601581421, 0.5, 1.0
-13.773009023265931, 45.61458157055483, 10.68834946913981, 0.5, 1.0
-14.796456436666196, 45.831285358343436, 10.742444134885, 0.5, 1.0
-15.784975888600618, 46.167832825113415, 10.787517318055981, 0.5, 1.0
-16.72670842760316, 46.625987739985625, 10.819721737891747, 0.5, 1.0
-17.176202970551998, 46.90090265187162, 10.82998479473884, 0.5, 1.0
-18.022250104628426, 47.53620290441257, 10.840789034775787, 0.5, 1.0
-18.782704022333547, 48.27350457473213, 10.843439597508805, 0.5, 1.0
-19.439559983922535, 49.09845667023345, 10.843707072740235, 0.5, 1.0
-19.976640978643175, 49.99669121617055, 10.846908947175478, 0.5, 1.0
-20.20025425900759, 50.46875255283664, 10.850021637568107, 0.5, 1.0
-20.565374375983634, 51.44961743786362, 10.858166712793285, 0.5, 1.0
-20.831515202366756, 52.467275848218264, 10.867358649206926, 0.5, 1.0
-21.011271899449852, 53.50709247558206, 10.875782169131297, 0.5, 1.0
-21.12059111346659, 54.55561796207295, 10.88192982373298, 0.5, 1.0
-21.195199905149376, 55.606402411725796, 10.886110965460109, 0.5, 1.0
-21.23291173394504, 56.13142556864599, 10.887768264769425, 0.5, 1.0
-21.336005985538517, 57.17830423543302, 10.890825400788025, 0.5, 1.0
-21.510681151643276, 58.217311723985624, 10.894311818785026, 0.5, 1.0
-21.77966615756343, 59.23718773980864, 10.898488001315627, 0.5, 1.0
-22.14967001595163, 60.22083628469377, 10.90304927168358, 0.5, 1.0
-22.626906872315633, 61.15098109115788, 10.907673494998471, 0.5, 1.0
-22.907679595209736, 61.59059075889362, 10.909908546857775, 0.5, 1.0
-23.55692350136179, 62.408214850181565, 10.914035147174857, 0.5, 1.0
-24.316800020588047, 63.132286606253984, 10.917712960555216, 0.5, 1.0
-25.170851048492178, 63.751399841611594, 10.921168356572174, 0.5, 1.0
-26.102147978984775, 64.25427018855095, 10.92463908753697, 0.5, 1.0
-27.093673752715848, 64.62982613849088, 10.928354786955696, 0.5, 1.0
-27.60620218001771, 64.76761048067051, 10.930330142719672, 0.5, 1.0
-28.651726032322003, 64.9421161017206, 10.934436491302652, 0.5, 1.0
-29.707010163904254, 64.98070194317145, 10.938634400954042, 0.5, 1.0
-30.751019713577303, 64.88196517079876, 10.94278472566791, 0.5, 1.0
-31.763108858524674, 64.64487819861668, 10.946757357665117, 0.5, 1.0
-32.25245349937933, 64.4757932661063, 10.94867638702898, 0.5, 1.0
-33.19230425321276, 64.04309863279978, 10.952471983092218, 0.5, 1.0
-34.073341269884885, 63.49332977312058, 10.956338946033005, 0.5, 1.0
-34.887157003409776, 62.83725391317317, 10.960430681926548, 0.5, 1.0
-35.633177384246935, 62.09042219605696, 10.96485053165416, 0.5, 1.0
-36.3294377127089, 61.27975053775671, 10.969582900179411, 0.5, 1.0
-36.66538866240807, 60.859401859138124, 10.972056006437226, 0.5, 1.0
-37.32589374296066, 60.006533059915235, 10.977195517835403, 0.5, 1.0
-37.98848521200922, 59.16124134731292, 10.982565367599832, 0.5, 1.0
-38.673901645902255, 58.35209353245298, 10.988132683557962, 0.5, 1.0
-39.40288162098824, 57.60765642645729, 10.99386459353724, 0.5, 1.0
-40.19616371361566, 56.95649684044768, 10.999728225365113, 0.5, 1.0
-40.623394124478025, 56.674820393447305, 11.00269916635838, 0.5, 1.0
-41.54261344517635, 56.211476194088, 11.008702597626996, 0.5, 1.0
-42.53016952322879, 55.88402148411091, 11.014775161311437, 0.5, 1.0
-43.562792515243835, 55.69450943003533, 11.020902017793276, 0.5, 1.0
-44.61721257782997, 55.64499319838052, 11.027068327454074, 0.5, 1.0
-45.145324684527345, 55.67337513049816, 11.030161639845822, 0.5, 1.0
-46.18880939661107, 55.83770231969814, 11.036359304990501, 0.5, 1.0
-47.19591657078708, 56.147158247617035, 11.04255932426806, 0.5, 1.0
-48.14337636366389, 56.603796080774146, 11.048746858060069, 0.5, 1.0
-49.008100624381406, 57.209020129218196, 11.054907591137336, 0.5, 1.0
-49.771065701209814, 57.94971965089334, 11.061038938965444, 0.5, 1.0
-50.10968368277003, 58.362347244942875, 11.064096364633528, 0.5, 1.0
-50.69190768908946, 59.254654040195966, 11.070200628123319, 0.5, 1.0
-51.13507196221709, 60.21302423262823, 11.076298652678705, 0.5, 1.0
-51.429148070184446, 61.21094986008903, 11.082387261289135, 0.5, 1.0
-51.60434080664623, 62.234420750946605, 11.088357935473855, 0.5, 1.0
-51.710849935467756, 63.27563784255315, 11.094049804510258, 0.5, 1.0
-51.75408085511156, 63.80047807263506, 11.096740796436782, 0.5, 1.0
-51.85162540579458, 64.85362637516164, 11.10171709234127, 0.5, 1.0
-51.996075660385564, 65.90056503110429, 11.10616392998322, 0.5, 1.0
-52.2170553752502, 66.92432014845451, 11.110227618971685, 0.5, 1.0
-52.54361540131139, 67.90766291893357, 11.11406297253085, 0.5, 1.0
-53.00480658949202, 68.83336453426281, 11.117824803884899, 0.5, 1.0
-53.29407061687723, 69.26914436375387, 11.119723389988776, 0.5, 1.0
-53.9831957190882, 70.07380758287827, 11.123565533573252, 0.5, 1.0
-54.796260980360536, 70.77110974433621, 11.12742960923163, 0.5, 1.0
-55.70503644858059, 71.33925165393822, 11.131269971216225, 0.5, 1.0
-56.68134785274171, 71.7566162612694, 11.135041454465142, 0.5, 1.0
-57.186750174834174, 71.9043737042128, 11.136893512182159, 0.5, 1.0
-58.21937767631358, 72.08068312996427, 11.140544665206097, 0.5, 1.0
-59.26476349377282, 72.10339319150222, 11.144149200255617, 0.5, 1.0
-60.303301034716625, 71.97891338798699, 11.147735915617572, 0.5, 1.0
-61.31538370664961, 71.71365321857883, 11.151333609578804, 0.5, 1.0
-62.28140491707649, 71.31402218243808, 11.154971080426167, 0.5, 1.0
-62.74101541407035, 71.06582055783059, 11.15681373164679, 0.5, 1.0
-63.60118207130927, 70.47665103251651, 11.16056486461119, 0.5, 1.0
-64.36627078580372, 69.76913438837062, 11.16442777017884, 0.5, 1.0
-65.01775039319514, 68.95026540173924, 11.168431743166908, 0.5, 1.0
-65.565624639896, 68.04256832203167, 11.172619253097267, 0.5, 1.0
-66.0507180343691, 67.08534089403904, 11.177046999584995, 0.5, 1.0
-66.28295877391488, 66.6006946399643, 11.1793689014179, 0.5, 1.0
-66.75330206141416, 65.64441973271495, 11.184264642021846, 0.5, 1.0
-67.26018544821886, 64.73261824755403, 11.189526363791133, 0.5, 1.0
-67.7729697204097, 63.835167880422844, 11.195014106770518, 0.5, 1.0
-68.24288486619022, 62.90095143728928, 11.20057026008389, 0.5, 1.0
-68.48868322381574, 62.43730601192534, 11.203503751029631, 0.5, 1.0
-69.10225396751267, 61.58911955011501, 11.210134824079441, 0.5, 1.0
-69.91698282480446, 60.90561391828178, 11.217864540448437, 0.5, 1.0
-70.87380124942155, 60.4167088672602, 11.226209110932826, 0.5, 1.0
-71.90555278492378, 60.149165001991236, 11.234640227012521, 0.5, 1.0
-72.94509090318094, 60.12972928512538, 11.242629756531752, 0.5, 1.0
-73.44874921906491, 60.21872740975707, 11.246328570202278, 0.5, 1.0
-74.40909720748391, 60.573470816272916, 11.253287732600738, 0.5, 1.0
-75.29579578032082, 61.12442761535518, 11.260020307233429, 0.5, 1.0
-76.09561546823545, 61.82425842647968, 11.266955932689587, 0.5, 1.0
-76.80143067649142, 62.621902482793004, 11.275227667705801, 0.5, 1.0
-77.47922686018867, 63.42172495931764, 11.294394003843962, 0.5, 1.0
-77.8432511471396, 63.783414231852106, 11.31277978332026, 0.5, 1.0
-78.68218704680233, 64.36968348599825, 11.372396870880092, 0.5, 1.0
-79.65983112246165, 64.83439007047438, 11.435387700051141, 0.5, 1.0
-80.7055396874707, 65.2619571700284, 11.463224968224157, 0.5, 1.0
-81.42289833966746, 65.36625683748328, 11.470447458027897, 0.5, 1.0
-81.40418140785093, 65.19377006518071, 11.468514567449212, 0.5, 1.0
-80.69776156026622, 64.50478789082567, 11.452929256930787, 0.5, 1.0
-79.42905445823662, 63.57086521525652, 11.424408786915642, 0.5, 1.0
-77.99369297075087, 62.64848724461615, 11.386182212985409, 0.5, 1.0
-76.78730996679775, 61.99413918504746, 11.341478590721715, 0.5, 1.0
-76.20553831536601, 61.86430624269336, 11.29352697570619, 0.5, 1.0
-76.27034465731815, 62.0745572850044, 11.269523292430419, 0.5, 1.0
-76.93207549489314, 62.87626409746372, 11.25885508888482, 0.5, 1.0
-77.71523589317466, 63.65984446896002, 11.325315874423428, 0.5, 1.0
-78.56360239033731, 64.28304481325085, 11.380302477379697, 0.5, 1.0
-79.4745781537941, 64.76072572248835, 11.415775491114323, 0.5, 1.0
-80.4378800491838, 65.1185894711097, 11.43800290271254, 0.5, 1.0
-80.93593981686563, 65.26062187095096, 11.44610825367463, 0.5, 1.0
-81.95844778203434, 65.4868760666055, 11.460199758751974, 0.5, 1.0
-83.00727532324697, 65.64754021891667, 11.474064521031249, 0.5, 1.0
-84.07125929219653, 65.7387729466009, 11.486160496624633, 0.5, 1.0
-85.13916777034608, 65.7544241276898, 11.49433531310448, 0.5, 1.0
-86.19976883915855, 65.68834364021498, 11.496436598043138, 0.5, 1.0
-86.72384249877412, 65.622762234364, 11.494547313139854, 0.5, 1.0
-87.75506388601976, 65.42595648732316, 11.484662156525996, 0.5, 1.0
-88.76097114446777, 65.14502457801098, 11.467744741139283, 0.5, 1.0
-89.7383278783364, 64.78411992653008, 11.445152826741587, 0.5, 1.0
-90.68389769184395, 64.34739595298318, 11.418244173094793, 0.5, 1.0
-91.14375112978055, 64.10189966421706, 11.40359536897857, 0.5, 1.0
-92.0355723206558, 63.559234370263646, 11.372757406011644, 0.5, 1.0
-92.88751560171568, 62.95113330450097, 11.340997103200317, 0.5, 1.0
-93.69634457717845, 62.281749887031694, 11.309672220306462, 0.5, 1.0
-94.45882282293019, 61.5552375616076, 11.280140503228449, 0.5, 1.0
-95.17157920826084, 60.77586221227327, 11.253693783419552, 0.5, 1.0
-95.5081245839764, 60.36779554319206, 11.241965601817967, 0.5, 1.0
-96.13910629874056, 59.51785122700818, 11.222142360551807, 0.5, 1.0
-96.71068476092557, 58.62675495453785, 11.208020302310034, 0.5, 1.0
-97.21895052610358, 57.69922194307164, 11.200627851622704, 0.5, 1.0
-97.65999414984675, 56.73996740990017, 11.200993433019867, 0.5, 1.0
-98.02990618772722, 55.75370657231394, 11.210145471031579, 0.5, 1.0
-98.18696616058524, 55.25192229476866, 11.21833779393353, 0.5, 1.0
-98.44285061136941, 54.233993032980315, 11.24259781286091, 0.5, 1.0
-98.61958607374147, 53.20080146343806, 11.278047246465233, 0.5, 1.0
-98.73025478506658, 52.15663664377089, 11.32408808533328, 0.5, 1.0
-98.79576246779061, 51.10559141478861, 11.379373460589605, 0.5, 1.0
-97.89971027001306, 50.545751765044436, 11.410060037613635, 0.7042259834820477, 0.0
-97.97660434630347, 49.4917299192532, 11.476675346953963, 0.6953881052831795, 0.0
-98.98954794919123, 48.48014008061247, 11.54915269868468, 0.4799678750414946, 0.0
-99.12140787402826, 47.447231389426946, 11.626139095206637, 0.46665452053307993, 0.0
-98.3278284352936, 46.271431373835185, 11.706281538920678, 0.67264188743396, 0.0
-98.60739411057651, 45.2109000508989, 11.788227032227656, 0.6556433065881926, 0.0
-100.77918898241637, 45.2947678634612, 11.829572015512902, 0.18321477961539567, 0.0
-101.4778617400812, 44.556797553758145, 11.915666994327724, 0.08510116898410958, 0.0
-100.55478794538175, 43.11455890646343, 12.011991176588682, 0.39357283401759235, 0.0
-101.04793425431036, 42.19941593022988, 12.12537237558069, 0.3771497321633584, 0.0
-101.47087760950116, 41.23726620074924, 12.262636949188886, 0.38624206261764416, 0.0
-101.83317742543585, 40.25246625742897, 12.426567829304881, 0.4153894747957525, 0.0
-101.88534088692155, 39.68395025130836, 12.515539955703918, 0.46769994764349065, 0.0
-102.7155560869612, 39.046524730347656, 12.69959434869233, 0.3911080033180735, 0.0
-103.99759694090741, 39.077483947943755, 12.881257951945516, 0.1679427514138216, 0.0
-104.98242227328849, 39.22029474681359, 13.048468528272144, 0.00037639425550167554, 0.0
-105.60343208974258, 38.84293698559707, 13.194259420574555, 0.0006936138412609371, 0.0
-105.95408426848566, 38.64999788948179, 13.257766836389324, 0.006246844248029416, 0.0
-106.19909854773711, 36.45386923788386, 13.36331083933213, 0.4456367877089486, 0.0
-107.32893569127702, 36.72719294043291, 13.436634046674126, 0.32058233213819765, 0.0
-108.24619100222012, 36.08508248133064, 13.475794685406917, 0.4191912341783555, 0.0
-109.23267352068365, 35.65665400452109, 13.488630454919763, 0.47985844134523753, 0.0
-110.32341914373505, 36.093355874344084, 13.485501294148461, 0.3552739987406159, 0.0
-110.79551957655887, 35.55757752561132, 13.481187346679958, 0.46352710663384766, 0.0
-111.81726306368091, 35.18547448770868, 13.47320662082467, 0.5260927434671521, 0.0
-112.8372611998136, 34.64854913561931, 13.468767586134573, 0.627517485318865, 0.0
-113.92356192639716, 35.01728960054718, 13.467295440226838, 0.5295186348802271, 0.0
-115.00515266125234, 35.453900575745585, 13.468060676932078, 0.4190087877229615, 0.0
-116.0674153255874, 35.67558220844727, 13.47033379008091, 0.35900305650805786, 0.0
-116.58049828452465, 35.301818112493564, 13.471807829643735, 0.4377739374281135, 0.0
-117.6284300489464, 35.12142992928064, 13.474974933390344, 0.47129363629812493, 0.0
-118.67552436472643, 34.74276711357006, 13.477826148157073, 0.5517923407635087, 0.0
-119.72489589023398, 34.72482984016358, 13.479631967774534, 0.5551981436027639, 0.0
-120.76491816707924, 34.89910911211731, 13.4797706576889, 0.5189508445252898, 0.0
-121.80050812694881, 35.115920874228735, 13.478478863616393, 0.47510567747882754, 0.0
-122.32870809017805, 34.76901898748409, 13.477498562102664, 0.5545279923847781, 0.0
-123.37613680633027, 34.93795634279282, 13.475275118701308, 0.5208055852936248, 0.0
-124.43807913347868, 34.432918840340086, 13.473242512909515, 0.6343130244647792, 0.0
-125.49726340535099, 34.43859284211434, 13.471950955733616, 0.6290799798475436, 0.0
-126.4416292080435, 33.80007379329849, 13.47149734132805, 0.7558679687609933, 0.0
-126.84791857844272, 33.5156252812902, 13.47157465655535, 0.8062382350492291, 0.0
-127.30067008676195, 32.52382095136525, 13.47231731245502, 1.0, 0.0
-127.73927016710861, 32.35884836045469, 13.473817043061329, 1.0, 0.0
-130.11324653291362, 33.84231895063646, 13.47604095089602, 0.4091891023299062, 0.0
-131.04875114284113, 33.051170955695184, 13.478665906017357, 0.34089917370644174, 0.0
-132.36037328581207, 32.10312476206349, 13.480601963038465, 0.14738441858202375, 0.0
-132.61754310378447, 31.409627130680406, 13.480931928544901, 0.12435045336949176, 0.0
-132.94692401439417, 29.88607790771447, 13.479556281116492, 0.06555362704170035, 0.0
-131.7059776360045, 28.69836417595164, 13.474508608824962, 0.28464006076223397, 0.0
-129.434132002622, 28.7695583139224, 13.467160982739674, 0.7514819487384763, 0.0
-128.76185085677244, 28.37339782895788, 13.462432071323711, 0.8151340297173901, 0.0
-128.3912916283184, 27.60223269475783, 13.465505281673925, 0.7300592687820988, 0.0
-128.08687875952242, 27.291141413332948, 13.471314835129766, 0.6985882626290874, 0.0
-127.28196902113305, 26.864646892747174, 13.487220868160845, 0.6594287058239955, 0.0
-126.336980934898, 26.383105446325256, 13.498817968656574, 0.5807276153464891, 0.0
-125.29845834957662, 25.783419777428165, 13.49410218632325, 0.45687252391267663, 0.0
-124.23626884248749, 25.514230515487952, 13.470204168132614, 0.39740010243378804, 0.0
-123.70912326288146, 25.47382329494924, 13.456966867754948, 0.38713218361843266, 0.0
-122.65533410061724, 25.017932093249748, 13.440386384516422, 0.2832664657828735, 0.0
-121.60026619594882, 23.758994701961317, 13.439348584880458, 0.0017687433740000596, 0.0
-120.55627164282338, 24.488801805238428, 13.451740634243569, 0.16292233283602656, 0.0
-119.50787666984759, 24.666611843767196, 13.475395627092379, 0.20197848723391423, 0.0
-118.45839976243084, 24.61211094466011, 13.508146657913514, 0.18985119577214962, 0.0
-117.93309428135593, 24.81107649407928, 13.527256029590774, 0.2341827441151794, 0.0
-116.88222753553957, 24.89520982947914, 13.569588169532812, 0.2532815462407506, 0.0
-115.83067011560738, 24.99931823464448, 13.615599083663733, 0.2769353586193143, 0.0
-114.77825743475881, 25.33501162755122, 13.66312351980086, 0.3520381155222362, 0.0
-113.72580834730248, 25.916954823095896, 13.710562988091716, 0.48175485510457344, 0.0
-112.67438900059099, 25.978360743809223, 13.757711137271933, 0.4956859811914731, 0.0
-112.148795961595, 25.880222401848034, 13.781177068918591, 0.47398227261574255, 0.0
-111.09738199868302, 26.079680267385612, 13.827894849771052, 0.5184472831353463, 0.0
-110.04610757462694, 26.365338458204487, 13.874330125297154, 0.5819859382010721, 0.0
-108.99500858470158, 26.741586923550894, 13.9204864210106, 0.6655851863325772, 0.0
-107.94287951202024, 24.573438973518, 13.966367262425097, 0.18370376990689566, 0.0
-106.89199380333216, 25.596966996333798, 14.01197617505435, 0.41103593041288683, 0.0
-106.36666098969165, 26.08820733842218, 14.034679759797548, 0.5201268421085963, 0.0
-105.31527354952755, 25.97286084841517, 14.07988738958715, 0.4943254028759767, 0.0
-104.26355178129124, 25.49300299867406, 14.124831904375782, 0.3875020776841788, 0.0
-103.21221663636535, 25.49384951452482, 14.169516829677153, 0.3874940420373692, 0.0
-102.16114762636207, 25.831790403547032, 14.213945691004977, 0.46239934368580915, 0.0
-101.6360783806594, 26.66089825496403, 14.236065199401839, 0.6465540865837979, 0.0
-100.58498538052473, 27.29609293069951, 14.280116575107536, 0.787542301727304, 0.0
-99.5330280665273, 26.620000383395578, 14.32392070062396, 0.637165224811384, 0.0
-98.48177769967853, 28.253166080157992, 14.36748110146481, 1.0, 0.0
-97.429709791101, 28.19511153239949, 14.410795851008471, 0.9870623594441543, 0.0
-96.37773896493181, 27.941711092680556, 14.453733686997689, 0.9307706633845748, 0.0
-95.85177886916664, 27.880231656577926, 14.474979498675333, 0.9171370371748913, 0.0
-94.80008284550874, 27.40362342103842, 14.51685695896994, 0.8113134650374942, 0.0
-93.7482872345827, 27.30880085700964, 14.557691601281247, 0.790367756724843, 0.0
-92.6981364123938, 24.993425714140148, 14.5972147049264, 0.2759944072550576, 0.0
-91.6455901864171, 26.054862296108556, 14.635157549222562, 0.5120444956290249, 0.0
-90.59415862134279, 25.5888834716505, 14.671251413486877, 0.4086815145066638, 0.0
-90.06803331311072, 25.832719934526096, 14.6885210028937, 0.462963626138015, 0.0
-89.01601595836014, 25.99178952329213, 14.721337545829911, 0.4985043984240904, 0.0
-87.96450977642213, 25.416217286895968, 14.751633307027152, 0.3707841215437596, 0.0
-86.9123017569051, 25.677361336262056, 14.779139565802582, 0.4289856154084598, 0.0
-85.86004966150725, 26.013359991388217, 14.803587601473348, 0.5037982483676512, 0.0
-85.33360795490324, 26.908794669188797, 14.814580810431094, 0.7028456804391047, 0.0
-84.28151389547006, 27.428206533538162, 14.833937660164525, 0.8183670075474646, 0.0
-83.22975109290373, 25.999685795184487, 14.849564485086175, 0.5009712687767313, 0.0
-82.17751635037352, 25.872827335387047, 14.861192564513196, 0.47278270056416644, 0.0
-81.125264026881, 25.978430678175474, 14.868553177762731, 0.49619321062106897, 0.0
-80.07288143784794, 25.89748610235695, 14.871423261973675, 0.4780826024708017, 0.0
-79.5464384124038, 25.606738553997282, 14.87119211607422, 0.4133856528715332, 0.0
-78.49391459171993, 25.562804067891065, 14.867526376629598, 0.40340178105072255, 0.0
-77.44235051166281, 26.22901428263301, 14.859761779013244, 0.5511666250090879, 0.0
-76.38996008150959, 26.188225169734448, 14.848105209652212, 0.5417620656486699, 0.0
-75.33774345249023, 26.240900609802402, 14.832763554973555, 0.5530721273960545, 0.0
-74.28558115089689, 26.291399328454414, 14.813943701404327, 0.5638461982464853, 0.0
-73.75961597721005, 26.357723622068328, 14.80329410204421, 0.5783423610299424, 0.0
-72.70885860739577, 26.948314230483877, 14.77964486218986, 0.7090644543880962, 0.0
-71.65848873482726, 27.576097169807746, 14.753034639512583, 0.8480069331154043, 0.0
-70.6051226936255, 26.993304813344828, 14.72367032043943, 0.7178901095691597, 0.0
-69.54570986421996, 24.339453179757335, 14.691758791397454, 0.1274971964025084, 0.0
-69.0218689353975, 25.083098265810865, 14.674912475146614, 0.2924158655211594, 0.0
-67.97332410337347, 26.151386943044493, 14.639568043202141, 0.5291163041699039, 0.0
-66.9224116929177, 26.34641068579296, 14.60219361735648, 0.5717259487405152, 0.0
-65.87147841496687, 26.468864357101253, 14.562996084036694, 0.5981807692410439, 0.0
-64.82276088527905, 27.175642273667197, 14.522182329669834, 0.7544611402264058, 0.0
-63.771192947608434, 26.96557215886024, 14.479959402943539, 0.7069742822889148, 0.0
-63.246492927952566, 27.109830369651363, 14.458397728521762, 0.7386179260532972, 0.0
-62.20119160682615, 28.179128340978988, 14.414663776546403, 0.9753388812922918, 0.0
-61.1520506672881, 28.05122139618715, 14.370544597018428, 0.9458293837125342, 0.0
-60.10256183813814, 27.83507955364568, 14.326554881885551, 0.8964289227810763, 0.0
-59.05375991999948, 27.742364040702398, 14.283209323095514, 0.8740746876159232, 0.0
-58.012275261295294, 28.318885990157824, 14.241022612596034, 0.9999677278116669, 0.0
-57.454638570156106, 25.62388387747934, 14.22052466668892, 0.39970484630203756, 0.0
-56.37195395076974, 23.848921065361132, 14.181041276027269, 0.0020610756712869617, 0.0
-55.32225004853055, 24.496905275729485, 14.144003463525504, 0.14216549708065013, 0.0
-54.265829046772964, 25.10747617447773, 14.109897454113426, 0.2728913858122005, 0.0
-53.22925558138929, 25.931225375911627, 14.078763579320581, 0.446790283840604, 0.0
-52.17082863485297, 26.021134220146017, 14.05028842675967, 0.44752828453618626, 0.0
-51.69647101987958, 26.395246793193525, 14.03694689028002, 0.5164487214824398, 0.0
-50.566555452399804, 26.167555296259497, 14.01185393485001, 0.4185966331130125, 0.0
-49.47455492177762, 26.344797916177814, 13.98858817337709, 0.3849948171476948, 0.0
-48.10192242190458, 26.106434791303776, 13.966386793873774, 0.21468420768163363, 0.0
-47.295866092761045, 27.03191657108285, 13.944131954603893, 0.30588556878559847, 0.0
-46.84434188026636, 27.384658850149165, 13.932631602220548, 0.315433617564673, 0.0
-46.33317718866347, 28.520502934370587, 13.908179261285184, 0.4453033698504289, 0.0
-45.78883978525385, 29.48828930130613, 13.881007984781752, 0.5191768631472943, 0.0
-44.92077751871397, 30.14195250452465, 13.850969780084274, 0.4704671137939601, 0.0
-44.45766096415384, 31.108688530269113, 13.818184813708369, 0.514081175793185, 0.0
-43.58429071980558, 31.83618645514007, 13.782773397537948, 0.4305277298595187, 0.0
-44.16580716359136, 32.693030371177876, 13.764120368243523, 0.6323176261979431, 0.0
-44.23708941663572, 33.769269701965, 13.72499486216368, 0.7413638670435303, 0.0
-43.46815243216157, 34.55188599081547, 13.683543685999112, 0.6323538779661606, 0.0
-43.68617964032339, 35.58088887587982, 13.639887151633737, 0.729735062336404, 0.0
-44.53234234872619, 36.563124836950074, 13.59414557095147, 0.9441479257040988, 0.0
-43.47244634526427, 37.4619101755852, 13.546427877429132, 0.7138505698735993, 0.0
-43.18360126901332, 37.96884517980392, 13.521815219474115, 0.6442497993647952, 0.0
-43.0686822235506, 38.993790759034155, 13.470953816315431, 0.5913241796291426, 0.0
-43.27105232360392, 39.986835503205015, 13.417734603329794, 0.5881733799613029, 0.0
-43.77833568178213, 40.876586722713874, 13.361945948322681, 0.6360434789531623, 0.0
-44.32852802523283, 41.71434713415461, 13.303376219099581, 0.67689185852484, 0.0
-44.13894840551072, 42.38328831791483, 13.272982316596252, 0.5724933591051723, 0.0
-42.54024603897658, 44.72767386128622, 13.209844165684453, 6.443635715161344e-05, 0.0
-44.40575605884857, 44.80969006274231, 13.14339586007038, 0.32462771890193176, 0.0
-45.616577071409836, 45.183155416554044, 13.073425767559518, 0.47154712131720133, 0.0
-46.24187456094075, 46.100576758742164, 12.99990122226423, 0.4169974310170323, 0.0
-47.185797081991666, 46.64087379342412, 12.92418460104721, 0.44890075509543026, 0.0
-47.652299637576235, 46.90579324384115, 12.886134377508508, 0.45638825201475103, 0.0
-48.65800770245875, 47.27134934031858, 12.810913167393744, 0.49376912048856064, 0.0
-49.72440837029538, 47.39059978268181, 12.73854835699324, 0.5635526397454564, 0.0
-50.769442138870446, 47.38186869630442, 12.6707948849397, 0.6358588344402636, 0.0
-51.67806933272574, 48.00738115562993, 12.605514837779973, 0.5429020035897454, 0.0
-52.885615116239165, 46.09959372770346, 12.537617322269256, 1.0, 0.0
-53.27146616401224, 47.39087302536666, 12.501073148322623, 0.7218091086709235, 0.0
-54.27096998889561, 47.79232012726064, 12.419566347895772, 0.6437342198160472, 0.0
-55.30423082004839, 48.20682740058174, 12.324485724270781, 0.5538614814864099, 0.0
-56.356089404778466, 48.58887217010856, 12.219556879511938, 0.46552471985106336, 0.0
-57.42402324776762, 49.680643274122126, 12.110043201692276, 0.21738107837137524, 0.0
-58.44478345258341, 48.22732416594011, 12.001208078884833, 0.536501057459523, 0.0
-58.973479579335034, 47.977098061944965, 11.948668649156215, 0.5918720770399375, 0.0
-59.97920385276112, 50.33923110580941, 11.847916252827353, 0.06992155666767413, 0.0
-61.0430463261748, 49.91675561967464, 11.750032318468726, 0.16892193301442038, 0.0
-62.11579000311247, 50.20254412279697, 11.651456903692361, 0.10923874280645747, 0.0
-63.17113986046674, 48.69378332830294, 11.548707816009431, 0.44372418931252455, 0.0
-63.67847298649164, 48.12663930051966, 11.495315372578684, 0.5674265067438855, 0.0
-64.70814401054336, 47.72879063355925, 11.385906383600593, 0.649367108278298, 0.0
-65.76534457612969, 48.17336606389477, 11.275141606352552, 0.5448649652878089, 0.0
-66.82223817733394, 47.951688389035496, 11.165592658297163, 0.5931879583140318, 0.0
-67.90161520563566, 47.67779537294469, 11.059736888337302, 0.6612711691962525, 0.0
-68.95359571343084, 47.69495567624731, 10.958779901572049, 0.6685466838395848, 0.0
-69.47031505530889, 47.55568046961706, 10.91023128320233, 0.7037000944845547, 0.0
-70.47654639336228, 47.84770970442631, 10.817164507247616, 0.63922880790926, 0.0
-71.49087246548446, 47.99102934448901, 10.729695615823223, 0.5898143601579146, 0.0
-72.53572281652234, 48.030672409174166, 10.647748452922597, 0.5382995201285314, 0.0
-73.59917361156438, 47.94612119892905, 10.570623363399553, 0.4881987074619656, 0.0
-74.95825445971161, 48.30875723709016, 10.49755529746567, 0.2968831784254646, 0.0
-75.71228882929793, 48.48073816477226, 10.462303570285782, 0.18626323555932556, 0.0
-76.7207796467462, 47.85598995134112, 10.393886571382353, 0.18726772453806773, 0.0
-76.42788560980853, 45.73955658063298, 10.32761397159703, 0.6017310511196103, 0.0
-77.09017368779632, 44.99654249410649, 10.262720721141394, 0.6223871006243803, 0.0
-78.17446934030603, 44.57291070742551, 10.198441770227022, 0.5024308462818506, 0.0
-78.54725406246736, 44.192162425954464, 10.16629357903893, 0.48613637150657013, 0.0
-78.99552980133593, 43.23647841599156, 10.101565539657825, 0.5137558921881198, 0.0
-79.27128980672272, 42.218955518098646, 10.036233411432024, 0.557905339935243, 0.0
-79.29792552158005, 41.149605806627605, 9.970458341592519, 0.6358398910219177, 0.0
-79.06207591733094, 40.078053514806015, 9.904404053051433, 0.74969129022468, 0.0
-78.19326230392811, 39.012496322710966, 9.83823428500648, 0.9828529560646124, 0.0
-80.43504092466175, 38.74637977960702, 9.805166212800726, 0.49493869460610745, 0.0
-82.72958777652185, 37.75784496932458, 9.73930926926383, 0.0, 0.0
-80.6163751330375, 36.65451880155587, 9.674204307671483, 0.4734751409866098, 0.0
-80.93010245992276, 35.601972522219654, 9.610306984957779, 0.4016091770639978, 0.0
-80.96926735109352, 34.55595341927624, 9.548081493606139, 0.3901909579647424, 0.0
-80.55054849603063, 33.510198980385155, 9.488099151688692, 0.48191779256694417, 0.0
-80.03150110647718, 32.98547809639518, 9.45915044170645, 0.5970405834110807, 0.0
-79.152665320291, 31.93112136911231, 9.40374155948081, 0.7925816763682436, 0.0
-79.2032859193433, 30.878301151354687, 9.352188881954804, 0.7822273048753562, 0.0
-79.76320434921438, 29.829469742492687, 9.305138194385837, 0.6590264840673532, 0.0
-79.98467384025092, 28.779191621114933, 9.263235282031316, 0.611054783918933, 0.0
-80.03966470210787, 28.25369003813036, 9.244416049452413, 0.5993647119710527, 0.0
-79.87569468695318, 27.202153189333263, 9.211445647277205, 0.6364820250673913, 0.0
-78.23953954948168, 26.15566787473268, 9.185233667660656, 1.0, 0.0
-80.519464108779, 25.09543171999523, 9.166354566773343, 0.4925249206186928, 0.0
-81.0774487806661, 24.03802453328324, 9.155324925575803, 0.3672194452526009, 0.0
-81.06856874849089, 22.98439685721925, 9.15265945119341, 0.36767746860655326, 0.0
-81.0332761185028, 22.458155780827543, 9.154624122534575, 0.37477038943563057, 0.0
-81.07379482494468, 21.405973738155303, 9.16546997423499, 0.3644524676958104, 0.0
-81.29334542161774, 20.35524675003193, 9.185966760563993, 0.31482613022525247, 0.0
-82.70966011730857, 19.31138174811059, 9.216629188646962, 0.0, 0.0
-80.89727579279817, 18.258630070531684, 9.257971965609277, 0.40368798580550536, 0.0
-81.11028906719741, 17.213909664093624, 9.31004093263785, 0.35843480008948353, 0.0
-80.87735011676716, 16.687519209436733, 9.339523380183191, 0.41153436052541453, 0.0
-81.2063139238125, 15.6432537701017, 9.403839881026974, 0.3412564132425568, 0.0
-81.08206559294065, 14.591839987918222, 9.473232754774157, 0.3713713679973532, 0.0
-80.54428872019129, 13.53861441888236, 9.54523107970385, 0.49238864631878637, 0.0
-80.71118422342991, 12.48670425950314, 9.617363934095179, 0.45515687406340505, 0.0
-80.92745288627395, 11.4272327703389, 9.687160396227265, 0.4046283242263265, 0.0
-81.39158815909873, 10.884230358371855, 9.720410317158313, 0.2991365019669191, 0.0
-82.69191539207853, 9.754598662655201, 9.782069212674882, 0.0026330745735393558, 0.0
-82.64526636271648, 8.610888273196295, 9.835749404440058, 0.0, 0.0
-80.44711264146999, 7.719810011995882, 9.882777393903666, 0.4672618014795655, 0.0
-78.56847113508488, 7.135375706682186, 9.925709300977601, 0.8566215150135675, 0.0
-77.88625254649261, 6.946892326373838, 9.946438714741115, 0.9934101847257139, 0.0
-77.664061387067, 6.338045484468074, 9.988023444966563, 0.9939928123832886, 0.0
-77.37251254192907, 5.715578097941082, 10.031595849723695, 0.9805251682764727, 0.0
-76.84053364257984, 5.004325996836668, 10.074119437661452, 0.9726263265936017, 0.0
-76.91816482256037, 3.5047913680866483, 10.10837173921717, 0.7321474934656983, 0.0
-76.79509167163728, 2.0846250751411133, 10.133610064897209, 0.5226256265589491, 0.0
-77.51385861909635, 0.14396242941730653, 10.144979859066122, 0.08651354139330933, 0.0
-76.33299277846832, -0.4188482898719522, 10.168694235300366, 0.12260393031616393, 0.0
-74.9198422856324, -0.12345951420847312, 10.193915177103305, 0.3132691924776995, 0.0
-73.79172378928259, -0.15221983735373512, 10.220198860483544, 0.38251125954486515, 0.0
-72.75592638233222, -0.47801620931665667, 10.247101290474012, 0.35727194542843627, 0.0
-71.666457747458, -0.4087695664400559, 10.274178472107623, 0.4008700385099249, 0.0
-71.13719731551319, -0.6087605359801151, 10.287643846363396, 0.36453447893283925, 0.0
-70.05039830835892, 0.01550611789924794, 10.314150664898456, 0.5109024998524677, 0.0
-68.98270299171716, 0.0753321825633484, 10.339722247658967, 0.5239679494408465, 0.0
-67.91541916975534, 0.2909703025355017, 10.363914599677853, 0.5681671879523329, 0.0
-66.8414357287606, -0.4626189551577642, 10.386311167231788, 0.39734518703089355, 0.0
-66.31154953583433, -0.6727970432226635, 10.396764361211186, 0.34951255071322285, 0.0
-65.2602965411342, -0.48627156180237296, 10.416107062502467, 0.3896368496075811, 0.0
-64.21205026933436, -0.4630706546930399, 10.433267460998145, 0.39447181566986905, 0.0
-63.16652417531867, -0.4481489880692193, 10.44812869201149, 0.3982023167903597, 0.0
-62.12040523016925, -0.014654210957447678, 10.4605738908558, 0.49541433458548484, 0.0
-61.07465897424973, 0.3279231392614852, 10.470486192844353, 0.5726149604890299, 0.0
-60.55237547821166, 0.34120033265858973, 10.474455987303118, 0.5760882148570103, 0.0
-59.5067013332703, 0.3681624025977088, 10.480349822720443, 0.5829294048590231, 0.0
-58.458190230952525, 0.8205111644217511, 10.4834604518011, 0.6838384132142953, 0.0
-57.407651136921935, 1.1432822786171122, 10.484119715511357, 0.7554843723622694, 0.0
-56.35395138954434, 1.0645007083743132, 10.482888474292077, 0.7375581938806816, 0.0
-55.29898177398303, 1.3385660157858537, 10.48033014908122, 0.7978357858681767, 0.0
-54.767941931072436, 0.48456355941520224, 10.478729399022061, 0.6077070464890919, 0.0
-53.707455429468574, -0.6663944249904636, 10.475236862082511, 0.35124794594320596, 0.0
-52.649779373209746, -1.4168805318305489, 10.471825793496276, 0.18390600909009144, 0.0
-51.59609633458511, 0.017272529680492088, 10.469059614201315, 0.5022938185878807, 0.0
-50.541414780317396, 0.1771085985444727, 10.467501745135593, 0.5378853367896614, 0.0
-49.48982881228407, 0.003971678222526495, 10.467715607237057, 0.5, 0.0
