-49.500000, 0.000000, 10.000000, 0
-49.000000, 0.000000, 10.000000, 0
-48.500000, 0.000000, 10.000000, 0
-48.000000, 0.000000, 10.000000, 0
-47.500000, 0.000000, 10.000000, 0
-47.000000, 0.000000, 10.000000, 0
-46.500000, 0.000000, 10.000000, 0
-46.000000, 0.000000, 10.000000, 0
-45.500000, 0.000000, 10.000000, 0
-45.000000, 0.000000, 10.000000, 0
-44.500000, 0.000000, 10.000000, 0
-44.000000, 0.000000, 10.000000, 0
-43.500000, 0.000000, 10.000000, 0
-43.000000, 0.000000, 10.000000, 0
-42.500000, 0.000000, 10.000000, 0
-42.000000, 0.000000, 10.000000, 0
-41.500000, 0.000000, 10.000000, 0
-41.000000, 0.000000, 10.000000, 0
-40.500000, 0.000000, 10.000000, 0
-39.999550, 0.000000, 10.000000, 0
-39.499260, -0.021882, 10.000000, 0
-39.002781, -0.087286, 10.000000, 0
-38.513893, -0.195713, 10.000000, 0
-38.036312, -0.346336, 10.000000, 0
-37.549103, -0.545477, 10.000000, 0
-37.089561, -0.742507, 10.000000, 0
-36.630016, -0.939537, 10.000000, 0
-36.170475, -1.136566, 10.000000, 0
-35.710934, -1.333596, 10.000000, 0
-35.228901, -1.539332, 10.000000, 0
-34.731865, -1.743192, 10.000000, 0
-34.235241, -1.931046, 10.000000, 0
-33.755959, -2.092824, 10.000000, 0
-33.247063, -2.240824, 10.000000, 0
-32.731667, -2.365824, 10.000000, 0
-32.211159, -2.467464, 10.000000, 0
-31.686596, -2.545535, 10.000000, 0
-31.159050, -2.599880, 10.000000, 0
-30.629589, -2.630387, 10.000000, 0
-30.099293, -2.636994, 10.000000, 0
-29.569235, -2.619689, 10.000000, 0
-29.040497, -2.578506, 10.000000, 0
-28.514154, -2.513529, 10.000000, 0
-27.991278, -2.424891, 10.000000, 0
-27.472925, -2.312771, 10.000000, 0
-26.960155, -2.177397, 10.000000, 0
-26.454010, -2.019045, 10.000000, 0
-25.967304, -1.842924, 10.000000, 0
-25.462391, -1.637390, 10.000000, 0
-25.009872, -1.437115, 10.000000, 0
-24.559465, -1.227979, 10.000000, 0
-24.105484, -1.014407, 10.000000, 0
-23.653055, -0.801548, 10.000000, 0
-23.200628, -0.588690, 10.000000, 0
-22.754532, -0.384898, 10.000000, 0
-22.280041, -0.225014, 10.000000, 0
-21.789343, -0.125409, 10.000000, 0
-21.290066, -0.087630, 10.000000, 0
-20.789968, -0.112264, 10.000000, 0
-20.296822, -0.198929, 10.000000, 0
-19.818289, -0.346277, 10.000000, 0
-19.361807, -0.552020, 10.000000, 0
-18.934471, -0.812959, 10.000000, 0
-18.542921, -1.125039, 10.000000, 0
-18.182489, -1.494684, 10.000000, 0
-17.850122, -1.868222, 10.000000, 0
-17.517754, -2.241761, 10.000000, 0
-17.185385, -2.615300, 10.000000, 0
-16.853016, -2.988839, 10.000000, 0
-16.520649, -3.362378, 10.000000, 0
-16.188280, -3.735917, 10.000000, 0
-15.855911, -4.109456, 10.000000, 0
-15.523542, -4.482994, 10.000000, 0
-15.191174, -4.856533, 10.000000, 0
-14.858770, -5.230113, 10.000000, 0
-14.507362, -5.623121, 10.000000, 0
-14.158145, -6.004350, 10.000000, 0
-13.817595, -6.361333, 10.000000, 0
-13.444826, -6.731280, 10.000000, 0
-13.036152, -7.109190, 10.000000, 0
-12.658542, -7.432379, 10.000000, 0
-12.269305, -7.741469, 10.000000, 0
-11.868972, -8.036043, 10.000000, 0
-11.458078, -8.315704, 10.000000, 0
-11.037186, -8.580072, 10.000000, 0
-10.606859, -8.828792, 10.000000, 0
-10.167683, -9.061526, 10.000000, 0
-9.720247, -9.277959, 10.000000, 0
-9.265160, -9.477800, 10.000000, 0
-8.803034, -9.660778, 10.000000, 0
-8.334494, -9.826646, 10.000000, 0
-7.860174, -9.975180, 10.000000, 0
-7.380714, -10.106178, 10.000000, 0
-6.896764, -10.219465, 10.000000, 0
-6.408977, -10.314888, 10.000000, 0
-5.918013, -10.392316, 10.000000, 0
-5.424532, -10.451645, 10.000000, 0
-4.929266, -10.492791, 10.000000, 0
-4.379671, -10.517685, 10.000000, 0
-3.861362, -10.523731, 10.000000, 0
-3.316324, -10.515445, 10.000000, 0
-2.811790, -10.498284, 10.000000, 0
-2.304559, -10.475981, 10.000000, 0
-1.800794, -10.435484, 10.000000, 0
-1.299774, -10.369177, 10.000000, 0
-0.802817, -10.277237, 10.000000, 0
-0.311236, -10.159904, 10.000000, 0
0.173672, -10.017488, 10.000000, 0
0.650630, -9.850367, 10.000000, 0
1.118379, -9.658979, 10.000000, 0
1.575685, -9.443830, 10.000000, 0
2.021343, -9.205488, 10.000000, 0
2.454178, -8.944580, 10.000000, 0
2.873046, -8.661796, 10.000000, 0
3.276845, -8.357880, 10.000000, 0
3.664508, -8.033634, 10.000000, 0
4.035014, -7.689913, 10.000000, 0
4.387386, -7.327625, 10.000000, 0
4.720693, -6.947724, 10.000000, 0
5.034057, -6.551212, 10.000000, 0
5.326652, -6.139136, 10.000000, 0
5.597705, -5.712582, 10.000000, 0
5.846501, -5.272676, 10.000000, 0
6.072387, -4.820575, 10.000000, 0
6.274763, -4.357474, 10.000000, 0
6.453098, -3.884595, 10.000000, 0
6.606921, -3.403183, 10.000000, 0
6.735826, -2.914510, 10.000000, 0
6.839472, -2.419863, 10.000000, 0
6.917588, -1.920547, 10.000000, 0
6.969967, -1.417880, 10.000000, 0
6.996470, -0.913186, 10.000000, 0
7.000000, -0.406078, 10.000000, 0
7.000000, 0.093922, 10.000000, 0
7.000000, 0.593922, 10.000000, 0
7.000000, 1.093922, 10.000000, 0
7.000000, 1.593922, 10.000000, 0
7.000000, 2.093922, 10.000000, 0
7.000000, 2.593922, 10.000000, 0
7.000001, 3.099863, 10.000000, 0
7.000242, 3.595087, 10.000000, 0
7.001672, 4.132801, 10.000000, 0
7.004887, 4.669280, 10.000000, 0
7.009903, 5.205745, 10.000000, 0
7.016749, 5.742190, 10.000000, 0
7.025397, 6.278609, 10.000000, 0
7.035853, 6.816226, 10.000000, 0
7.046559, 7.311335, 10.000000, 0
7.057609, 7.811076, 10.000000, 0
7.068662, 8.310955, 10.000000, 0
7.079715, 8.810832, 10.000000, 0
7.090769, 9.310710, 10.000000, 0
7.099870, 9.871298, 10.000000, 0
7.085714, 10.394368, 10.000000, 0
7.063159, 10.883951, 10.000000, 0
7.025695, 11.377060, 10.000000, 0
6.960715, 11.920201, 10.000000, 0
6.867311, 12.465876, 10.000000, 0
6.746255, 13.006089, 10.000000, 0
6.597863, 13.539440, 10.000000, 0
6.422517, 14.064548, 10.000000, 0
6.220672, 14.580051, 10.000000, 0
5.992852, 15.084614, 10.000000, 0
5.739648, 15.576927, 10.000000, 0
5.461715, 16.055716, 10.000000, 0
5.159774, 16.519737, 10.000000, 0
4.840848, 16.959892, 10.000000, 0
4.497299, 17.392630, 10.000000, 0
4.158451, 17.794790, 10.000000, 0
3.831040, 18.176815, 10.000000, 0
3.505645, 18.556444, 10.000000, 0
3.180249, 18.936071, 10.000000, 0
2.854853, 19.315701, 10.000000, 0
2.531042, 19.696749, 10.000000, 0
2.227407, 20.098951, 10.000000, 0
1.954332, 20.522497, 10.000000, 0
1.713312, 20.965069, 10.000000, 0
1.505664, 21.424246, 10.000000, 0
1.332526, 21.897518, 10.000000, 0
1.194844, 22.382290, 10.000000, 0
1.093372, 22.875914, 10.000000, 0
1.028666, 23.375689, 10.000000, 0
1.001078, 23.878878, 10.000000, 0
1.009880, 24.387489, 10.000000, 0
1.071212, 24.877634, 10.000000, 0
1.187872, 25.357626, 10.000000, 0
1.358350, 25.821243, 10.000000, 0
1.580432, 26.262470, 10.000000, 0
1.851240, 26.675589, 10.000000, 0
2.167261, 27.055237, 10.000000, 0
2.524398, 27.396492, 10.000000, 0
2.922140, 27.726360, 10.000000, 0
3.328357, 28.045673, 10.000000, 0
3.742900, 28.324091, 10.000000, 0
4.196476, 28.562716, 10.000000, 0
4.673375, 28.750433, 10.000000, 0
5.167907, 28.885006, 10.000000, 0
5.674168, 28.964828, 10.000000, 0
6.173573, 28.993938, 10.000000, 0
6.674944, 28.999834, 10.000000, 0
7.166244, 29.000000, 10.000000, 0
7.666244, 29.000000, 10.000000, 0
8.166245, 29.000000, 10.000000, 0
8.666245, 29.000000, 10.000000, 0
9.166245, 29.000000, 10.000000, 0
9.666245, 29.000000, 10.000000, 0
10.166245, 29.000000, 10.000000, 0
10.666245, 29.000000, 10.000000, 0
11.166245, 29.000000, 10.000000, 0
11.666245, 29.000000, 10.000000, 0
12.166245, 29.000000, 10.000000, 0
12.666245, 29.000000, 10.000000, 0
13.196706, 29.000000, 10.000000, 0
13.696706, 29.000000, 10.000000, 0
14.232332, 29.006086, 10.000000, 0
14.794142, 29.040136, 10.000000, 0
15.353344, 29.104029, 10.000000, 0
15.908355, 29.197584, 10.000000, 0
16.457603, 29.320532, 10.000000, 0
16.999531, 29.472527, 10.000000, 0
17.532608, 29.653135, 10.000000, 0
18.055317, 29.861853, 10.000000, 0
18.566187, 30.098080, 10.000000, 0
19.062326, 30.360346, 10.000000, 0
19.499861, 30.614506, 10.000000, 0
19.946878, 30.907961, 10.000000, 0
20.375910, 31.227139, 10.000000, 0
20.785475, 31.570938, 10.000000, 0
21.174164, 31.938171, 10.000000, 0
21.540640, 32.327579, 10.000000, 0
21.883638, 32.737812, 10.000000, 0
22.201979, 33.167469, 10.000000, 0
22.494560, 33.615055, 10.000000, 0
22.760380, 34.079041, 10.000000, 0
23.009649, 34.573223, 10.000000, 0
23.231960, 35.055511, 10.000000, 0
23.425943, 35.542221, 10.000000, 0
23.592407, 36.039169, 10.000000, 0
23.730778, 36.544659, 10.000000, 0
23.840618, 37.057106, 10.000000, 0
23.921585, 37.574902, 10.000000, 0
23.973423, 38.096420, 10.000000, 0
23.995972, 38.588360, 10.000000, 0
24.000000, 39.080036, 10.000000, 0
24.000000, 39.580036, 10.000000, 0
24.000000, 40.099998, 10.000000, 0
24.000000, 40.599998, 10.000000, 0
24.000000, 41.099998, 10.000000, 0
24.000000, 41.599998, 10.000000, 0
24.000000, 42.099998, 10.000000, 0
24.000000, 42.599998, 10.000000, 0
24.000000, 43.099998, 10.000000, 0
24.000000, 43.599998, 10.000000, 0
24.000000, 44.099998, 10.000000, 0
24.000000, 44.599998, 10.000000, 0
24.000000, 45.099998, 10.000000, 0
24.000000, 45.599998, 10.000000, 0
24.000000, 46.099998, 10.000000, 0
24.000000, 46.599998, 10.000000, 0
24.000000, 47.099998, 10.000000, 0
24.000000, 47.599998, 10.000000, 0
24.000000, 48.099998, 10.000000, 0
24.000000, 48.599998, 10.000000, 0
24.000000, 49.099998, 10.000000, 0
24.000000, 49.599998, 10.000000, 0
24.000000, 50.099998, 10.000000, 0
24.000000, 50.599998, 10.000000, 0
24.000000, 51.099998, 10.000000, 0
24.000000, 51.599998, 10.000000, 0
24.000000, 52.099998, 10.000000, 0
24.000000, 52.599998, 10.000000, 0
24.000000, 53.099998, 10.000000, 0
24.000000, 53.599998, 10.000000, 0
24.000000, 54.099998, 10.000000, 0
24.000000, 54.599998, 10.000000, 0
24.000000, 55.099998, 10.000000, 0
24.000000, 55.599998, 10.000000, 0
24.000000, 56.099998, 10.000000, 0
24.000000, 56.599998, 10.000000, 0
24.000000, 57.099998, 10.000000, 0
24.000000, 57.599998, 10.000000, 0
24.000000, 58.099998, 10.000000, 0
24.000000, 58.599998, 10.000000, 0
24.000000, 59.099998, 10.000000, 0
24.000000, 59.599998, 10.000000, 0
24.000000, 60.099998, 10.000000, 0
24.000000, 60.599998, 10.000000, 0
24.000000, 61.099998, 10.000000, 0
24.000000, 61.599998, 10.000000, 0
24.000000, 62.099998, 9.999433, 0
24.000000, 62.599998, 9.997366, 0
24.000000, 63.099998, 9.993789, 0
24.000000, 63.599998, 9.989560, 0
24.000000, 64.099998, 9.989207, 0
24.000000, 64.599998, 9.993389, 0
24.000000, 65.099998, 10.002015, 0
24.000000, 65.599998, 10.012093, 0
24.000000, 66.099998, 10.022171, 0
24.000000, 66.599998, 10.032248, 0
24.000000, 67.099998, 10.042326, 0
24.000000, 67.599998, 10.052403, 0
24.000000, 68.099998, 10.062481, 0
24.000000, 68.599998, 10.072558, 0
24.000000, 69.099998, 10.082636, 0
24.000000, 69.599998, 10.092713, 0
24.000000, 70.099998, 10.102791, 0
24.000000, 70.599998, 10.112868, 0
24.000000, 71.099998, 10.122946, 0
24.000553, 71.609528, 10.134031, 0
24.017784, 72.120338, 10.148140, 0
24.059109, 72.629761, 10.162249, 0
24.124426, 73.136665, 10.176356, 0
24.213596, 73.639931, 10.189790, 0
24.326418, 74.138420, 10.200219, 0
24.462641, 74.631027, 10.207447, 0
24.621962, 75.116661, 10.213870, 0
24.804028, 75.594238, 10.222745, 0
25.008425, 76.062675, 10.234092, 0
25.243961, 76.543640, 10.246061, 0
25.467567, 76.990860, 10.255285, 0
25.691175, 77.438072, 10.264509, 0
25.914782, 77.885284, 10.273733, 0
26.138388, 78.332497, 10.282957, 0
26.361996, 78.779709, 10.292181, 0
26.585602, 79.226921, 10.301405, 0
26.809208, 79.674141, 10.310629, 0
27.032816, 80.121353, 10.319853, 0
27.256422, 80.568565, 10.329077, 0
27.480028, 81.015778, 10.338301, 0
27.703636, 81.462990, 10.347525, 0
27.927242, 81.910210, 10.356749, 0
28.150848, 82.357422, 10.365973, 0
28.374456, 82.804634, 10.375196, 0
28.598063, 83.251846, 10.384420, 0
28.821671, 83.699059, 10.393644, 0
29.045277, 84.146278, 10.402868, 0
29.268883, 84.593491, 10.412092, 0
29.492491, 85.040703, 10.421316, 0
29.716097, 85.487915, 10.430540, 0
29.939705, 85.935127, 10.439764, 0
30.163311, 86.382339, 10.448988, 0
30.386917, 86.829552, 10.458213, 0
30.610523, 87.276772, 10.467437, 0
30.834131, 87.723984, 10.476661, 0
31.057737, 88.171196, 10.485885, 0
31.281345, 88.618408, 10.495109, 0
31.508286, 89.072861, 10.504333, 0
31.745436, 89.554359, 10.513556, 0
31.964632, 90.013283, 10.521858, 0
32.185715, 90.498024, 10.530159, 0
32.379799, 90.949699, 10.537539, 0
32.564201, 91.408112, 10.544918, 0
32.737774, 91.870743, 10.552297, 0
32.900410, 92.337326, 10.559676, 0
33.052021, 92.807610, 10.567056, 0
33.192524, 93.281326, 10.574434, 0
33.321842, 93.758217, 10.581814, 0
33.439903, 94.238022, 10.589193, 0
33.546646, 94.720474, 10.596572, 0
33.642002, 95.205299, 10.603951, 0
33.725925, 95.692238, 10.611330, 0
33.798367, 96.181015, 10.618710, 0
33.859291, 96.671364, 10.626089, 0
33.908657, 97.163010, 10.633468, 0
33.946442, 97.655678, 10.640847, 0
33.975006, 98.204147, 10.649149, 0
33.990810, 98.729752, 10.657451, 0
33.997883, 99.231361, 10.665752, 0
33.999935, 99.760391, 10.674976, 0
34.000000, 100.300003, 10.684867, 0
34.000000, 100.800003, 10.694091, 0
34.000000, 101.300003, 10.703315, 0
34.000000, 101.800003, 10.712539, 0
34.000000, 102.300003, 10.721763, 0
34.000000, 102.800003, 10.730987, 0
34.000000, 103.300003, 10.740211, 0
34.000000, 103.800003, 10.749395, 0
34.000000, 104.300003, 10.758120, 0
34.000000, 104.800003, 10.766271, 0
34.000000, 105.300003, 10.773848, 0
34.000000, 105.800003, 10.780850, 0
34.000000, 106.300003, 10.787280, 0
34.000000, 106.800003, 10.793137, 0
34.000000, 107.300003, 10.798419, 0
34.000000, 107.800003, 10.803127, 0
34.000000, 108.300003, 10.807262, 0
33.999802, 108.822098, 10.810824, 0
33.987263, 109.326546, 10.812976, 0
33.955235, 109.830139, 10.814846, 0
33.903767, 110.332115, 10.816436, 0
33.832935, 110.831726, 10.817744, 0
33.742847, 111.328224, 10.818771, 0
33.633636, 111.820869, 10.819517, 0
33.505466, 112.308929, 10.819983, 0
33.358528, 112.791679, 10.820167, 0
33.193043, 113.268372, 10.820069, 0
33.009254, 113.738327, 10.819691, 0
32.807446, 114.200821, 10.819032, 0
32.587906, 114.655167, 10.818091, 0
32.350971, 115.100685, 10.816870, 0
32.096992, 115.536728, 10.815368, 0
31.826351, 115.962616, 10.813583, 0
31.539454, 116.377731, 10.811519, 0
31.236725, 116.781441, 10.809174, 0
30.918617, 117.173149, 10.806546, 0
30.585609, 117.552277, 10.803686, 0
30.238197, 117.918243, 10.800801, 0
29.865963, 118.290894, 10.797713, 0
29.512409, 118.644447, 10.796823, 0
29.158857, 118.998001, 10.798131, 0
28.805304, 119.351555, 10.801637, 0
28.451750, 119.705109, 10.807343, 0
28.098196, 120.058655, 10.815246, 0
27.729248, 120.426697, 10.825348, 0
27.337273, 120.806389, 10.836320, 0
26.930599, 121.176498, 10.847568, 0
26.524645, 121.516220, 10.858564, 0
26.093555, 121.843872, 10.870638, 0
25.647278, 122.150528, 10.883788, 0
25.186834, 122.435463, 10.898016, 0
24.713282, 122.698036, 10.913321, 0
24.227703, 122.937637, 10.929705, 0
23.731213, 123.153725, 10.947165, 0
23.224949, 123.345802, 10.965702, 0
22.710072, 123.513428, 10.985316, 0
22.187761, 123.656212, 11.006009, 0
21.659214, 123.773842, 11.027778, 0
21.125645, 123.866035, 11.050625, 0
20.588274, 123.932587, 11.074549, 0
20.070633, 123.972763, 11.099550, 0
19.534836, 123.993652, 11.129442, 0
19.004538, 123.999756, 11.164752, 0
18.493259, 124.000000, 11.206075, 0
17.993259, 124.000000, 11.249597, 0
17.493259, 124.000000, 11.295316, 0
16.993259, 124.000000, 11.342330, 0
16.493259, 124.000000, 11.389354, 0
15.993258, 124.000000, 11.436378, 0
15.493258, 124.000000, 11.483400, 0
14.993258, 124.000000, 11.530424, 0
14.493259, 124.000000, 11.577448, 0
13.993259, 124.000000, 11.624472, 0
13.493259, 124.000000, 11.671494, 0
12.993259, 124.000000, 11.718518, 0
12.493259, 124.000000, 11.765542, 0
11.993259, 124.000000, 11.812566, 0
11.493259, 124.000000, 11.859589, 0
10.993259, 124.000000, 11.906612, 0
10.493258, 124.000000, 11.953636, 0
10.000000, 124.000000, 12.000000, 0
9.500000, 124.000000, 12.047024, 0
9.000000, 124.000000, 12.094048, 0
8.500000, 124.000000, 12.141070, 0
8.000000, 124.000000, 12.188094, 0
7.500000, 124.000000, 12.235118, 0
7.000000, 124.000000, 12.282142, 0
6.500000, 124.000000, 12.329165, 0
6.000000, 124.000000, 12.376188, 0
5.500000, 124.000000, 12.423212, 0
5.000000, 124.000000, 12.470236, 0
4.500000, 124.000000, 12.517259, 0
4.000000, 124.000000, 12.564282, 0
3.500000, 124.000000, 12.611306, 0
3.000000, 124.000000, 12.658330, 0
2.500000, 124.000000, 12.705353, 0
2.000000, 124.000000, 12.748961, 0
1.500000, 124.000000, 12.785845, 0
0.961658, 123.996819, 12.813291, 0
0.457482, 123.975922, 12.830871, 0
-0.045508, 123.935555, 12.845156, 0
-0.546564, 123.875778, 12.856145, 0
-1.044934, 123.796684, 12.863839, 0
-1.539875, 123.698372, 12.868238, 0
-2.030646, 123.581024, 12.869342, 0
-2.516516, 123.444778, 12.867150, 0
-2.996755, 123.289864, 12.861663, 0
-3.470650, 123.116501, 12.852880, 0
-3.937489, 122.924957, 12.840803, 0
-4.396576, 122.715508, 12.825430, 0
-4.847225, 122.488472, 12.808192, 0
-5.288762, 122.244194, 12.791018, 0
-5.720529, 121.983025, 12.774255, 0
-6.141876, 121.705360, 12.757946, 0
-6.552179, 121.411621, 12.742091, 0
-6.950822, 121.102249, 12.726692, 0
-7.337210, 120.777702, 12.711747, 0
-7.710763, 120.438454, 12.697257, 0
-8.078757, 120.078102, 12.681253, 0
-8.432311, 119.724548, 12.662084, 0
-8.785864, 119.370995, 12.643842, 0
-9.139418, 119.017441, 12.626529, 0
-9.492970, 118.663887, 12.610143, 0
-9.846524, 118.310333, 12.594685, 0
-10.200078, 117.956779, 12.580154, 0
-10.553631, 117.603226, 12.566552, 0
-10.907185, 117.249672, 12.553878, 0
-11.260737, 116.896118, 12.542130, 0
-11.614291, 116.542564, 12.531312, 0
-11.998433, 116.157829, 12.521421, 0
-12.387342, 115.725922, 12.516824, 0
-12.739180, 115.263306, 12.512458, 0
-13.051529, 114.773163, 12.508325, 0
-13.322249, 114.258865, 12.504422, 0
-13.549483, 113.723915, 12.500752, 0
-13.731673, 113.172012, 12.497315, 0
-13.867568, 112.606911, 12.494109, 0
-13.956237, 112.032516, 12.491136, 0
-13.997070, 111.452744, 12.488394, 0
-14.000000, 110.937195, 12.484489, 0
-14.000000, 110.437195, 12.480444, 0
-14.000000, 109.937195, 12.477325, 0
-14.000000, 109.437195, 12.475136, 0
-14.000000, 108.937195, 12.473874, 0
-14.000000, 108.437195, 12.473523, 0
-14.000000, 107.937195, 12.473478, 0
-14.000000, 107.437195, 12.473433, 0
-14.000000, 106.937195, 12.473387, 0
-14.000000, 106.437195, 12.473342, 0
-14.000000, 105.937195, 12.473296, 0
-14.000000, 105.437195, 12.473251, 0
-14.000000, 104.900002, 12.473202, 0
-14.000000, 104.400002, 12.473157, 0
-14.000000, 103.900002, 12.473111, 0
-14.001245, 103.380722, 12.473062, 0
-14.010697, 102.888985, 12.473007, 0
-14.042658, 102.371056, 12.472939, 0
-14.104488, 101.872688, 12.472871, 0
-14.197047, 101.379089, 12.472803, 0
-14.319977, 100.892174, 12.472734, 0
-14.472807, 100.413803, 12.472150, 0
-14.654953, 99.945801, 12.469752, 0
-14.869315, 99.482307, 12.465478, 0
-15.109842, 99.020889, 12.460257, 0
-15.355456, 98.571938, 12.454739, 0
-15.594557, 98.138519, 12.448847, 0
-15.850316, 97.684135, 12.440676, 0
-16.120874, 97.242409, 12.428775, 0
-16.409321, 96.839043, 12.414012, 0
-16.727562, 96.458748, 12.397116, 0
-17.073755, 96.103706, 12.378085, 0
-17.445910, 95.775978, 12.356921, 0
-17.841869, 95.477448, 12.333622, 0
-18.274935, 95.197075, 12.309897, 0
-18.721201, 94.931313, 12.290490, 0
-19.164684, 94.678650, 12.269422, 0
-19.602573, 94.457146, 12.246430, 0
-20.051445, 94.258835, 12.223087, 0
-20.510071, 94.084259, 12.199391, 0
-20.977198, 93.933899, 12.175343, 0
-21.451542, 93.808174, 12.150943, 0
-21.931814, 93.707413, 12.126190, 0
-22.416698, 93.631897, 12.101086, 0
-22.904867, 93.581833, 12.075629, 0
-23.394983, 93.557358, 12.049820, 0
-23.900019, 93.554718, 12.027418, 0
-24.400019, 93.554718, 12.008552, 0
-24.900019, 93.554718, 11.989507, 0
-25.400019, 93.554718, 11.970281, 0
-25.900019, 93.554718, 11.950875, 0
-26.400019, 93.554718, 11.931293, 0
-26.900019, 93.554718, 11.911643, 0
-27.400019, 93.554718, 11.891994, 0
-27.900019, 93.554718, 11.872344, 0
-28.400019, 93.554718, 11.852695, 0
-28.900019, 93.554718, 11.833045, 0
-29.400019, 93.554718, 11.813396, 0
-29.900019, 93.554718, 11.793746, 0
-30.400000, 93.554718, 11.774021, 0
-30.900000, 93.554718, 11.754007, 0
-31.400000, 93.554718, 11.733714, 0
-31.900000, 93.554718, 11.713141, 0
-32.400002, 93.554718, 11.692288, 0
-32.900002, 93.554718, 11.671156, 0
-33.400002, 93.554718, 11.649744, 0
-33.900002, 93.554718, 11.628052, 0
-34.400002, 93.554718, 11.606079, 0
-34.900002, 93.554718, 11.583827, 0
-35.400002, 93.554718, 11.561296, 0
-35.900002, 93.554718, 11.538484, 0
-36.400002, 93.554718, 11.515392, 0
-36.900002, 93.554718, 11.492022, 0
-37.400002, 93.554718, 11.468370, 0
-37.900002, 93.554718, 11.444439, 0
-38.400002, 93.554718, 11.420228, 0
-38.900002, 93.554718, 11.395738, 0
-39.400002, 93.554718, 11.370967, 0
-39.900002, 93.554718, 11.345917, 0
-40.400002, 93.554718, 11.320587, 0
-40.900002, 93.554718, 11.294977, 0
-41.400002, 93.554718, 11.269088, 0
-41.900002, 93.554718, 11.242918, 0
-42.400002, 93.554718, 11.216469, 0
-42.900002, 93.554718, 11.189739, 0
-43.400002, 93.554718, 11.162730, 0
-43.900002, 93.554718, 11.135441, 0
-44.400002, 93.554718, 11.107872, 0
-44.900002, 93.554718, 11.080024, 0
-45.400002, 93.554718, 11.051895, 0
-45.900002, 93.554718, 11.023487, 0
-46.400002, 93.554718, 10.994800, 0
-46.900002, 93.554718, 10.965832, 0
-47.400002, 93.554718, 10.936584, 0
-47.900002, 93.554718, 10.907056, 0
-48.400002, 93.554718, 10.877249, 0
-48.900002, 93.554718, 10.847161, 0
-49.400002, 93.554718, 10.816794, 0
-49.900002, 93.554718, 10.786148, 0
-50.400002, 93.554718, 10.755221, 0
-50.900002, 93.554718, 10.724014, 0
-51.400002, 93.554718, 10.692529, 0
-51.900002, 93.554718, 10.660762, 0
-52.400002, 93.554718, 10.628716, 0
-52.900002, 93.554718, 10.596391, 0
-53.400002, 93.554718, 10.563792, 0
-53.900002, 93.554718, 10.531278, 0
-54.400002, 93.554718, 10.500538, 0
-54.900002, 93.554718, 10.471976, 0
-55.400002, 93.554718, 10.445593, 0
-55.900002, 93.554718, 10.421387, 0
-56.400002, 93.554718, 10.399359, 0
-56.900002, 93.554718, 10.379509, 0
-57.400002, 93.554718, 10.361837, 0
-57.900002, 93.554718, 10.346343, 0
-58.400002, 93.554718, 10.333027, 0
-58.900002, 93.554718, 10.321889, 0
-59.400002, 93.554718, 10.312929, 0
-59.900002, 93.554718, 10.306148, 0
-60.400002, 93.554718, 10.301543, 0
-60.900002, 93.554718, 10.298634, 0
-61.400002, 93.554718, 10.295846, 0
-61.900002, 93.554718, 10.293057, 0
-62.400002, 93.554718, 10.290269, 0
-62.900002, 93.554718, 10.287480, 0
-63.400002, 93.554718, 10.284693, 0
-63.900002, 93.554718, 10.281904, 0
-64.400002, 93.554718, 10.279116, 0
-64.900002, 93.554718, 10.276327, 0
-65.400002, 93.554718, 10.273539, 0
-65.900002, 93.554718, 10.270751, 0
-66.400002, 93.554718, 10.267962, 0
-66.900002, 93.554718, 10.265174, 0
-67.400002, 93.554718, 10.262385, 0
-67.900002, 93.554718, 10.259598, 0
-68.400002, 93.554718, 10.256809, 0
-68.900002, 93.554718, 10.254021, 0
-69.400002, 93.554718, 10.251232, 0
-69.900002, 93.554718, 10.248445, 0
-70.400002, 93.554718, 10.245656, 0
-70.900002, 93.554718, 10.242867, 0
-71.400002, 93.554718, 10.240079, 0
-71.900002, 93.554718, 10.237290, 0
-72.400002, 93.554718, 10.234503, 0
-72.917770, 93.554741, 10.231584, 0
-73.449173, 93.560059, 10.228237, 0
-73.980408, 93.574478, 10.224892, 0
-74.511322, 93.598007, 10.221545, 0
-75.041756, 93.630615, 10.218200, 0
-75.571548, 93.672325, 10.214853, 0
-76.100548, 93.723114, 10.211507, 0
-76.607895, 93.779755, 10.208440, 0
-77.104645, 93.836700, 10.205652, 0
-77.601395, 93.893646, 10.202864, 0
-78.098137, 93.950592, 10.200075, 0
-78.594887, 94.007545, 10.197287, 0
-79.091629, 94.064491, 10.194498, 0
-79.588379, 94.121437, 10.191710, 0
-80.085121, 94.178383, 10.188922, 0
-80.581871, 94.235329, 10.186133, 0
-81.078613, 94.292282, 10.183345, 0
-81.569801, 94.348770, 10.180557, 0
-82.087952, 94.410477, 10.177489, 0
-82.581863, 94.474312, 10.174422, 0
-83.092567, 94.549080, 10.171077, 0
-83.612190, 94.638832, 10.167452, 0
-84.114929, 94.742973, 10.163827, 0
-84.613808, 94.864227, 10.160202, 0
-85.108269, 95.002434, 10.156577, 0
-85.597710, 95.157440, 10.152952, 0
-86.081589, 95.329063, 10.149327, 0
-86.559319, 95.517105, 10.145702, 0
-87.030357, 95.721336, 10.142078, 0
-87.494148, 95.941536, 10.138453, 0
-87.950150, 96.177437, 10.134829, 0
-88.397835, 96.428772, 10.131204, 0
-88.836670, 96.695236, 10.127579, 0
-89.266159, 96.976524, 10.123954, 0
-89.693687, 97.277580, 10.120329, 0
-90.103615, 97.583084, 10.116983, 0
-90.493950, 97.885078, 10.113916, 0
-90.899567, 98.206169, 10.110848, 0
-91.282928, 98.512833, 10.108061, 0
-91.673149, 98.825447, 10.105272, 0
-92.100250, 99.156662, 10.103042, 0
-92.500191, 99.443695, 10.101089, 0
-92.910088, 99.716331, 10.099138, 0
-93.329422, 99.974205, 10.097186, 0
-93.757668, 100.217003, 10.095234, 0
-94.194267, 100.444412, 10.093283, 0
-94.638687, 100.656151, 10.091331, 0
-95.090355, 100.851944, 10.089378, 0
-95.548706, 101.031555, 10.087427, 0
-96.013153, 101.194740, 10.085558, 0
-96.483116, 101.341309, 10.084225, 0
-96.957985, 101.471062, 10.083497, 0
-97.437172, 101.583855, 10.083373, 0
-97.920067, 101.679520, 10.083854, 0
-98.406067, 101.757957, 10.084940, 0
-98.894539, 101.819054, 10.086630, 0
-99.384880, 101.862732, 10.088924, 0
-99.876457, 101.888947, 10.091824, 0
-100.368668, 101.897659, 10.095327, 0
-100.860870, 101.888855, 10.099436, 0
-101.352455, 101.862549, 10.104149, 0
-101.842781, 101.818787, 10.109467, 0
-102.331245, 101.757591, 10.115389, 0
-102.817223, 101.679070, 10.121916, 0
-103.300102, 101.583313, 10.129047, 0
-103.779274, 101.470444, 10.136784, 0
-104.254120, 101.340599, 10.145123, 0
-104.724052, 101.193947, 10.154069, 0
-105.188469, 101.030670, 10.163619, 0
-105.646782, 100.850983, 10.173773, 0
-106.098419, 100.655106, 10.184532, 0
-106.542801, 100.443283, 10.195895, 0
-107.004486, 100.210739, 10.213178, 0
-107.447380, 99.983559, 10.227892, 0
-107.907684, 99.723907, 10.241415, 0
-108.355942, 99.443985, 10.255543, 0
-108.791275, 99.144333, 10.270274, 0
-109.212791, 98.825562, 10.285611, 0
-109.619667, 98.488297, 10.301552, 0
-110.011093, 98.133217, 10.318098, 0
-110.386284, 97.761032, 10.335248, 0
-110.744499, 97.372475, 10.352742, 0
-111.085022, 96.968315, 10.369963, 0
-111.407173, 96.549370, 10.386831, 0
-111.710304, 96.116470, 10.403349, 0
-111.993820, 95.670471, 10.419515, 0
-112.257156, 95.212265, 10.435329, 0
-112.499786, 94.742775, 10.450792, 0
-112.721230, 94.262924, 10.465903, 0
-112.921043, 93.773666, 10.480662, 0
-113.098831, 93.275978, 10.495070, 0
-113.254227, 92.770866, 10.509128, 0
-113.386940, 92.259308, 10.522832, 0
-113.496696, 91.742348, 10.536185, 0
-113.583267, 91.221008, 10.549188, 0
-113.646507, 90.696327, 10.561837, 0
-113.686264, 90.169334, 10.574136, 0
-113.702477, 89.641098, 10.586083, 0
-113.695091, 89.112663, 10.597679, 0
-113.664146, 88.585091, 10.608923, 0
-113.609695, 88.059425, 10.619815, 0
-113.538605, 87.571938, 10.630356, 0
-113.445084, 87.050430, 10.641973, 0
-113.334694, 86.532242, 10.653130, 0
-113.207535, 86.017906, 10.663827, 0
-113.063759, 85.507973, 10.674066, 0
-112.903511, 85.002975, 10.683845, 0
-112.726952, 84.503441, 10.693165, 0
-112.534279, 84.009895, 10.702026, 0
-112.325684, 83.522873, 10.710428, 0
-112.101395, 83.042870, 10.718370, 0
-111.861649, 82.570404, 10.725854, 0
-111.606689, 82.105965, 10.732968, 0
-111.336792, 81.650047, 10.740047, 0
-111.052246, 81.203125, 10.747060, 0
-110.753334, 80.765678, 10.753975, 0
-110.440399, 80.338158, 10.760796, 0
-110.113739, 79.921013, 10.767520, 0
-109.773720, 79.514694, 10.774148, 0
-109.420692, 79.119637, 10.780681, 0
-109.055031, 78.736229, 10.787117, 0
-108.677116, 78.364899, 10.793458, 0
-108.287354, 78.006027, 10.799703, 0
-107.886147, 77.659996, 10.805852, 0
-107.473915, 77.327164, 10.811905, 0
-107.051109, 77.007896, 10.817863, 0
-106.618149, 76.702507, 10.823724, 0
-106.175522, 76.411331, 10.829490, 0
-105.750511, 76.142006, 10.836562, 0
-105.328171, 75.874367, 10.843485, 0
-104.905838, 75.606728, 10.850257, 0
-104.483498, 75.339088, 10.856880, 0
-104.061157, 75.071457, 10.863353, 0
-103.640503, 74.796066, 10.871544, 0
-103.224403, 74.495865, 10.880082, 0
-102.822784, 74.176567, 10.888327, 0
-102.436516, 73.838852, 10.896277, 0
-102.066437, 73.483475, 10.903934, 0
-101.713364, 73.111198, 10.911298, 0
-101.378052, 72.722839, 10.918368, 0
-101.061256, 72.319244, 10.925145, 0
-100.763641, 71.901291, 10.931627, 0
-100.485878, 71.469902, 10.937817, 0
-100.228554, 71.026009, 10.943712, 0
-99.992249, 70.570580, 10.949315, 0
-99.777466, 70.104614, 10.954623, 0
-99.584686, 69.629135, 10.959639, 0
-99.414314, 69.145157, 10.964360, 0
-99.266739, 68.653763, 10.968787, 0
-99.142258, 68.155998, 10.972921, 0
-99.041176, 67.652985, 10.976763, 0
-98.965668, 67.161079, 10.980207, 0
-98.911232, 66.650894, 10.983469, 0
-98.880684, 66.138725, 10.986438, 0
-98.873482, 65.633667, 10.988932, 0
-98.873482, 65.133667, 10.990678, 0
-98.873482, 64.633667, 10.992274, 0
-98.873482, 64.133667, 10.993721, 0
-98.873482, 63.633671, 10.995017, 0
-98.873482, 63.133671, 10.996164, 0
-98.873482, 62.633671, 10.997161, 0
-98.873482, 62.133671, 10.998009, 0
-98.873482, 61.633671, 10.998706, 0
-98.873482, 61.133671, 10.999253, 0
-98.873482, 60.633671, 10.999652, 0
-98.873482, 60.133671, 10.999900, 0
-98.873482, 59.633671, 10.999998, 0
-98.873482, 59.133011, 11.000000, 0
-98.873482, 58.633011, 11.000000, 0
-98.873482, 58.133011, 11.000000, 0
-98.873482, 57.633011, 10.999140, 0
-98.873482, 57.133011, 10.993987, 0
-98.873482, 56.633011, 10.984185, 0
-98.873482, 56.133011, 10.969734, 0
-98.873482, 55.633011, 10.950634, 0
-98.873482, 55.133011, 10.926884, 0
-98.873482, 54.633011, 10.898614, 0
-98.873482, 54.133011, 10.874216, 0
-98.873482, 53.633011, 10.858729, 0
-98.873482, 53.133011, 10.852153, 0
-98.873482, 52.633011, 10.854487, 0
-98.873482, 52.133011, 10.865732, 0
-98.873482, 51.633011, 10.885887, 0
-98.873482, 51.133011, 10.912967, 0
-98.873482, 50.633011, 10.940539, 0
-98.873482, 50.133011, 10.968111, 0
-98.873482, 49.633011, 10.995683, 0
-98.873970, 49.095928, 11.026011, 0
-98.878181, 48.593624, 11.056340, 0
-98.891197, 48.085861, 11.089427, 0
-98.917992, 47.595024, 11.124073, 0
-98.963501, 47.095917, 11.159917, 0
-99.027542, 46.598843, 11.195863, 0
-99.110039, 46.104492, 11.234058, 0
-99.210846, 45.613552, 11.275364, 0
-99.329842, 45.126705, 11.319777, 0
-99.466858, 44.644615, 11.367299, 0
-99.621719, 44.167957, 11.417931, 0
-99.794189, 43.697384, 11.471670, 0
-99.985046, 43.231125, 11.528519, 0
-100.188347, 42.776131, 11.583753, 0
-100.398445, 42.329548, 11.636711, 0
-100.628113, 41.853382, 11.691895, 0
-100.846123, 41.403645, 11.743995, 0
-101.064217, 40.953716, 11.797933, 0
-101.282318, 40.503792, 11.853711, 0
-101.504379, 40.046642, 11.917191, 0
-101.736938, 39.615078, 12.007341, 0
-101.997009, 39.199516, 12.101631, 0
-102.283485, 38.801697, 12.197958, 0
-102.595169, 38.423302, 12.294285, 0
-102.930748, 38.065926, 12.390252, 0
-103.288803, 37.731071, 12.480672, 0
-103.667824, 37.420147, 12.563839, 0
-104.066223, 37.134468, 12.639753, 0
-104.482307, 36.875240, 12.708415, 0
-104.914337, 36.643551, 12.769823, 0
-105.360497, 36.440376, 12.823979, 0
-105.818886, 36.266575, 12.870883, 0
-106.287590, 36.122875, 12.910533, 0
-106.764626, 36.009884, 12.942931, 0
-107.248299, 35.921764, 12.963628, 0
-107.757477, 35.834969, 12.978521, 0
-108.267380, 35.752434, 12.989515, 0
-108.777946, 35.674168, 12.996609, 0
-109.289146, 35.600182, 12.999802, 0
-109.800941, 35.530472, 13.000000, 0
-110.313316, 35.465038, 13.000000, 0
-110.826218, 35.403904, 13.000000, 0
-111.339615, 35.347065, 13.000000, 0
-111.853462, 35.294514, 13.000000, 0
-112.367729, 35.246273, 13.000000, 0
-112.882385, 35.202335, 13.000000, 0
-113.397400, 35.162697, 13.000000, 0
-113.912720, 35.127380, 13.000000, 0
-114.428314, 35.096371, 13.000000, 0
-114.944153, 35.069679, 13.000000, 0
-115.460205, 35.047302, 13.000000, 0
-115.976418, 35.029247, 13.000000, 0
-116.492760, 35.015507, 13.000000, 0
-117.009209, 35.006088, 13.000000, 0
-117.525711, 35.000996, 13.000000, 0
-118.052986, 35.000000, 13.000000, 0
-118.552986, 35.000000, 13.000000, 0
-119.052986, 35.000000, 13.000000, 0
-119.552986, 35.000000, 13.000000, 0
-120.052986, 35.000000, 13.000000, 0
-120.552986, 35.000000, 13.000000, 0
-121.052986, 35.000000, 13.000000, 0
-121.552986, 35.000000, 13.000000, 0
-122.050003, 35.000000, 13.000000, 0
-122.550003, 35.000000, 13.000000, 0
-123.050003, 35.000000, 13.000000, 0
-123.550003, 35.000000, 13.000000, 0
-124.050003, 35.000000, 13.000000, 0
-124.550003, 35.000000, 13.000000, 0
-125.050003, 35.000000, 13.000000, 0
-125.550003, 35.000000, 13.000000, 0
-126.050003, 35.000000, 13.000000, 0
-126.949249, 34.977516, 13.000000, 0
-127.829842, 34.799015, 13.000000, 0
-128.657425, 34.449123, 13.000000, 0
-129.398972, 33.941792, 13.000000, 0
-130.024963, 33.297245, 13.000000, 0
-130.510437, 32.541183, 13.000000, 0
-130.836014, 31.703745, 13.000000, 0
-130.988724, 30.818317, 13.000000, 0
-130.962494, 29.920200, 13.000000, 0
-130.758347, 29.045198, 13.000000, 0
-130.384445, 28.228193, 13.000000, 0
-129.855682, 27.501759, 13.000000, 0
-129.193115, 26.894854, 13.000000, 0
-128.423218, 26.431675, 13.000000, 0
-127.576622, 26.130688, 13.000000, 0
-126.687111, 26.003893, 13.000000, 0
-126.170799, 26.000000, 13.000000, 0
-125.670799, 26.000000, 13.000000, 0
-125.170799, 26.000000, 13.000000, 0
-124.670799, 26.000000, 13.000000, 0
-124.170799, 26.000000, 13.000000, 0
-123.670799, 26.000000, 13.000000, 0
-123.170799, 26.000000, 13.000000, 0
-122.670799, 26.000000, 13.000000, 0
-122.170799, 26.000000, 13.000000, 0
-121.650002, 26.000000, 13.000000, 0
-121.150002, 26.000000, 13.000000, 0
-120.650002, 26.000000, 13.000000, 0
-120.150002, 26.000000, 13.000001, 0
-119.650002, 26.000000, 13.001431, 0
-119.150002, 26.000000, 13.005568, 0
-118.650002, 26.000000, 13.012411, 0
-118.150002, 26.000000, 13.021960, 0
-117.650002, 26.000000, 13.034216, 0
-117.150002, 26.000000, 13.049178, 0
-116.650002, 26.000000, 13.066847, 0
-116.150002, 26.000000, 13.087222, 0
-115.650002, 26.000000, 13.110304, 0
-115.150002, 26.000000, 13.136092, 0
-114.650002, 26.000000, 13.164587, 0
-114.150002, 26.000000, 13.194948, 0
-113.650002, 26.000000, 13.225279, 0
-113.150002, 26.000000, 13.254834, 0
-112.650002, 26.000000, 13.283472, 0
-112.150002, 26.000000, 13.311194, 0
-111.650002, 26.000000, 13.337999, 0
-111.150002, 26.000000, 13.363890, 0
-110.650002, 26.000000, 13.388863, 0
-110.150002, 26.000000, 13.412920, 0
-109.650002, 26.000000, 13.436061, 0
-109.150002, 26.000000, 13.458286, 0
-108.650002, 26.000000, 13.479594, 0
-108.150002, 26.000000, 13.500007, 0
-107.650002, 26.000000, 13.520130, 0
-107.150002, 26.000000, 13.540255, 0
-106.650002, 26.000000, 13.560378, 0
-106.150002, 26.000000, 13.580502, 0
-105.650002, 26.000000, 13.600626, 0
-105.150002, 26.000000, 13.620749, 0
-104.650002, 26.000000, 13.640874, 0
-104.150002, 26.000000, 13.660997, 0
-103.650002, 26.000000, 13.681121, 0
-103.150002, 26.000000, 13.701245, 0
-102.650002, 26.000000, 13.721369, 0
-102.150002, 26.000000, 13.741492, 0
-101.650002, 26.000000, 13.761617, 0
-101.150002, 26.000000, 13.781740, 0
-100.650002, 26.000000, 13.801864, 0
-100.150002, 26.000000, 13.821988, 0
-99.648201, 26.000000, 13.842184, 0
-99.148201, 26.000000, 13.862309, 0
-98.648201, 26.000000, 13.882432, 0
-98.148201, 26.000000, 13.902555, 0
-97.648201, 26.000000, 13.922680, 0
-97.148201, 26.000000, 13.942803, 0
-96.648201, 26.000000, 13.962927, 0
-96.148201, 26.000000, 13.983051, 0
-95.648201, 26.000000, 14.003175, 0
-95.148201, 26.000000, 14.023299, 0
-94.648201, 26.000000, 14.043423, 0
-94.148201, 26.000000, 14.063546, 0
-93.648201, 26.000000, 14.083671, 0
-93.148201, 26.000000, 14.103725, 0
-92.648201, 26.000000, 14.123209, 0
-92.148201, 26.000000, 14.142017, 0
-91.648201, 26.000000, 14.160151, 0
-91.148201, 26.000000, 14.177610, 0
-90.648201, 26.000000, 14.194395, 0
-90.148201, 26.000000, 14.210505, 0
-89.648201, 26.000000, 14.225941, 0
-89.148201, 26.000000, 14.240702, 0
-88.648201, 26.000000, 14.254788, 0
-88.148201, 26.000000, 14.268200, 0
-87.648201, 26.000000, 14.280937, 0
-87.148201, 26.000000, 14.293000, 0
-86.648201, 26.000000, 14.304388, 0
-86.148201, 26.000000, 14.315102, 0
-85.648201, 26.000000, 14.325141, 0
-85.148201, 26.000000, 14.334505, 0
-84.648201, 26.000000, 14.343196, 0
-84.148201, 26.000000, 14.351211, 0
-83.648193, 26.000000, 14.358552, 0
-83.148193, 26.000000, 14.365218, 0
-82.648193, 26.000000, 14.371209, 0
-82.148193, 26.000000, 14.376527, 0
-81.648193, 26.000000, 14.381169, 0
-81.148193, 26.000000, 14.385137, 0
-80.648193, 26.000000, 14.388564, 0
-80.148193, 26.000000, 14.391946, 0
-79.648193, 26.000000, 14.395155, 0
-79.148193, 26.000000, 14.397325, 0
-78.648193, 26.000000, 14.398334, 0
-78.148193, 26.000000, 14.398181, 0
-77.648193, 26.000000, 14.396868, 0
-77.148193, 26.000000, 14.394394, 0
-76.648193, 26.000000, 14.390759, 0
-76.148193, 26.000000, 14.385962, 0
-75.648193, 26.000000, 14.380006, 0
-75.148193, 26.000000, 14.372889, 0
-74.648193, 26.000000, 14.364610, 0
-74.148193, 26.000000, 14.355170, 0
-73.648193, 26.000000, 14.344569, 0
-73.148193, 26.000000, 14.332808, 0
-72.648193, 26.000000, 14.319886, 0
-72.148193, 26.000000, 14.305802, 0
-71.648193, 26.000000, 14.290559, 0
-71.148193, 26.000000, 14.274154, 0
-70.648193, 26.000000, 14.256588, 0
-70.148193, 26.000000, 14.237861, 0
-69.622192, 26.001284, 14.218441, 0
-69.122139, 26.004766, 14.198962, 0
-68.622154, 26.008249, 14.179517, 0
-68.122169, 26.011734, 14.160104, 0
-67.622177, 26.015217, 14.140724, 0
-67.122192, 26.018700, 14.121378, 0
-66.622200, 26.022184, 14.102065, 0
-66.122215, 26.025667, 14.082785, 0
-65.622231, 26.029150, 14.063538, 0
-65.122238, 26.032633, 14.044324, 0
-64.622253, 26.036118, 14.025144, 0
-64.122261, 26.039600, 14.005996, 0
-63.622280, 26.043083, 13.986881, 0
-63.122292, 26.046568, 13.967800, 0
-62.622303, 26.050051, 13.948752, 0
-62.122318, 26.053534, 13.929737, 0
-61.622330, 26.057018, 13.910755, 0
-61.122341, 26.060501, 13.891807, 0
-60.622353, 26.063984, 13.872891, 0
-60.122364, 26.067469, 13.854009, 0
-59.622379, 26.070951, 13.835159, 0
-59.122387, 26.074434, 13.816343, 0
-58.622402, 26.077917, 13.797552, 0
-58.122414, 26.081402, 13.778762, 0
-57.622425, 26.084885, 13.759971, 0
-57.122437, 26.088367, 13.741180, 0
-56.622448, 26.091852, 13.722456, 0
-56.122463, 26.095335, 13.703833, 0
-55.622475, 26.098818, 13.685209, 0
-55.122486, 26.102303, 13.666586, 0
-54.622498, 26.105785, 13.647963, 0
-54.122509, 26.109268, 13.629338, 0
-53.589470, 26.111540, 13.609488, 0
-53.044056, 26.128704, 13.596451, 0
-52.500134, 26.172525, 13.583415, 0
-51.959007, 26.242901, 13.570378, 0
-51.421970, 26.339661, 13.557342, 0
-50.890308, 26.462574, 13.544306, 0
-50.365295, 26.611347, 13.531281, 0
-49.848190, 26.785624, 13.518308, 0
-49.340229, 26.984985, 13.505387, 0
-48.842625, 27.208954, 13.492519, 0
-48.356571, 27.456995, 13.479705, 0
-47.883236, 27.728516, 13.466945, 0
-47.423744, 28.022865, 13.454236, 0
-46.979206, 28.339338, 13.441582, 0
-46.550678, 28.677176, 13.428980, 0
-46.139187, 29.035570, 13.416432, 0
-45.745720, 29.413664, 13.403937, 0
-45.371220, 29.810555, 13.391308, 0
-45.016582, 30.225285, 13.377628, 0
-44.682652, 30.656866, 13.362763, 0
-44.370235, 31.104267, 13.346712, 0
-44.080082, 31.566414, 13.329474, 0
-43.812874, 32.042202, 13.311051, 0
-43.569260, 32.530487, 13.291442, 0
-43.349823, 33.030106, 13.270647, 0
-43.155090, 33.539860, 13.248666, 0
-42.985523, 34.058529, 13.225498, 0
-42.841530, 34.584873, 13.201145, 0
-42.723457, 35.117630, 13.176007, 0
-42.631588, 35.655521, 13.150850, 0
-42.566135, 36.197266, 13.125693, 0
-42.527260, 36.741566, 13.100536, 0
-42.515030, 37.263668, 13.076480, 0
-42.528381, 37.809189, 13.051323, 0
-42.568401, 38.353405, 13.026166, 0
-42.634991, 38.895012, 13.001009, 0
-42.727993, 39.432713, 12.975852, 0
-42.847187, 39.965218, 12.950694, 0
-42.992287, 40.491257, 12.924813, 0
-43.162941, 41.009567, 12.897543, 0
-43.358746, 41.518913, 12.868884, 0
-43.579235, 42.018066, 12.838837, 0
-43.823875, 42.505840, 12.807401, 0
-44.092079, 42.981068, 12.774575, 0
-44.383209, 43.442604, 12.740362, 0
-44.696564, 43.889343, 12.704760, 0
-45.031399, 44.320225, 12.667768, 0
-45.386909, 44.734207, 12.629389, 0
-45.762241, 45.130310, 12.589693, 0
-46.156502, 45.507572, 12.549811, 0
-46.568745, 45.865105, 12.510424, 0
-46.997982, 46.202042, 12.471551, 0
-47.443188, 46.517574, 12.433193, 0
-47.903294, 46.810959, 12.395350, 0
-48.377197, 47.081482, 12.358021, 0
-48.863773, 47.328503, 12.321206, 0
-49.361843, 47.551426, 12.284906, 0
-49.870224, 47.749718, 12.249121, 0
-50.387695, 47.922909, 12.213849, 0
-50.913021, 48.070576, 12.179092, 0
-51.444939, 48.192375, 12.144582, 0
-51.982178, 48.288002, 12.110071, 0
-52.523453, 48.357243, 12.075561, 0
-53.067467, 48.399921, 12.041050, 0
-53.612915, 48.415932, 12.006539, 0
-54.117432, 48.416069, 11.958749, 0
-54.617432, 48.416069, 11.909448, 0
-55.117432, 48.416069, 11.860147, 0
-55.617432, 48.416069, 11.810845, 0
-56.117432, 48.416069, 11.761544, 0
-56.617432, 48.416069, 11.712243, 0
-57.117447, 48.416065, 11.662942, 0
-57.617447, 48.416065, 11.613642, 0
-58.117447, 48.416061, 11.564341, 0
-58.617447, 48.416061, 11.515039, 0
-59.117447, 48.416058, 11.465738, 0
-59.617447, 48.416058, 11.416437, 0
-60.117447, 48.416054, 11.367136, 0
-60.617447, 48.416054, 11.317835, 0
-61.117447, 48.416050, 11.268534, 0
-61.617447, 48.416050, 11.219234, 0
-62.117447, 48.416046, 11.169932, 0
-62.617447, 48.416046, 11.120631, 0
-63.117447, 48.416042, 11.071330, 0
-63.617447, 48.416039, 11.022029, 0
-64.117447, 48.416039, 10.972728, 0
-64.617447, 48.416035, 10.923427, 0
-65.117447, 48.416035, 10.874125, 0
-65.617447, 48.416031, 10.824825, 0
-66.117447, 48.416031, 10.775488, 0
-66.617447, 48.416027, 10.725488, 0
-67.117447, 48.416027, 10.674593, 0
-67.617447, 48.416023, 10.622807, 0
-68.117447, 48.416023, 10.570127, 0
-68.617447, 48.416019, 10.516553, 0
-69.117447, 48.416019, 10.462087, 0
-69.617447, 48.416016, 10.406727, 0
-70.117447, 48.416012, 10.350756, 0
-70.635124, 48.415924, 10.294765, 0
-71.159782, 48.398838, 10.261170, 0
-71.682663, 48.352283, 10.227576, 0
-72.202095, 48.276405, 10.193982, 0
-72.716438, 48.171440, 10.160388, 0
-73.224068, 48.037720, 10.126794, 0
-73.723373, 47.875675, 10.093199, 0
-74.212784, 47.685814, 10.059605, 0
-74.690735, 47.468735, 10.026011, 0
-75.155739, 47.225124, 9.992416, 0
-75.606308, 46.955757, 9.958822, 0
-76.041008, 46.661484, 9.925228, 0
-76.458481, 46.343239, 9.891633, 0
-76.857407, 46.002022, 9.858039, 0
-77.236511, 45.638916, 9.824445, 0
-77.594604, 45.255066, 9.790851, 0
-77.930542, 44.851696, 9.757257, 0
-78.240074, 44.440357, 9.712464, 0
-78.532303, 44.032387, 9.673270, 0
-78.829147, 43.574505, 9.634462, 0
-79.103249, 43.102654, 9.597036, 0
-79.353920, 42.617958, 9.561041, 0
-79.580597, 42.121582, 9.526477, 0
-79.782722, 41.614712, 9.493345, 0
-79.959808, 41.098560, 9.461646, 0
-80.111435, 40.574364, 9.431377, 0
-80.237236, 40.043377, 9.402541, 0
-80.336914, 39.506878, 9.375136, 0
-80.410233, 38.966141, 9.349163, 0
-80.457016, 38.422466, 9.324620, 0
-80.477142, 37.877151, 9.300746, 0
-80.478004, 37.377430, 9.270051, 0
-80.478004, 36.886669, 9.236592, 0
-80.478004, 36.386669, 9.202486, 0
-80.478004, 35.886669, 9.168380, 0
-80.478004, 35.386669, 9.134274, 0
-80.478004, 34.886669, 9.100167, 0
-80.478004, 34.386669, 9.066061, 0
-80.478004, 33.886669, 9.032109, 0
-80.478004, 33.386669, 8.999573, 0
-80.478004, 32.886669, 8.968729, 0
-80.478004, 32.386669, 8.939577, 0
-80.478004, 31.886667, 8.912117, 0
-80.478004, 31.386667, 8.886349, 0
-80.478004, 30.886667, 8.862273, 0
-80.478004, 30.386667, 8.839889, 0
-80.478004, 29.886667, 8.819198, 0
-80.478004, 29.386667, 8.800198, 0
-80.478004, 28.886667, 8.782890, 0
-80.478004, 28.386667, 8.767275, 0
-80.478004, 27.886667, 8.753351, 0
-80.478004, 27.386667, 8.741119, 0
-80.478004, 26.886667, 8.730580, 0
-80.478004, 26.386667, 8.721733, 0
-80.478004, 25.886667, 8.714579, 0
-80.478004, 25.386667, 8.708513, 0
-80.478004, 24.886667, 8.702470, 0
-80.478004, 24.386667, 8.696425, 0
-80.477997, 23.886667, 8.690432, 0
-80.477997, 23.386667, 8.686072, 0
-80.477997, 22.886667, 8.684110, 0
-80.477997, 22.386667, 8.684544, 0
-80.477997, 21.886667, 8.687373, 0
-80.477997, 21.386667, 8.692599, 0
-80.477997, 20.886667, 8.700221, 0
-80.477997, 20.386667, 8.710239, 0
-80.477997, 19.886667, 8.722653, 0
-80.477997, 19.386667, 8.737464, 0
-80.477997, 18.886667, 8.754671, 0
-80.477997, 18.386667, 8.774273, 0
-80.477997, 17.886667, 8.796272, 0
-80.477997, 17.386667, 8.820667, 0
-80.477997, 16.886667, 8.847458, 0
-80.477997, 16.386667, 8.876645, 0
-80.477997, 15.886668, 8.908229, 0
-80.477997, 15.386668, 8.941750, 0
-80.477997, 14.886668, 8.975444, 0
-80.477997, 14.386668, 9.009139, 0
-80.477997, 13.886668, 9.042833, 0
-80.477997, 13.386668, 9.076528, 0
-80.477997, 12.886668, 9.110223, 0
-80.477997, 12.386668, 9.143917, 0
-80.477997, 11.859636, 9.179409, 0
-80.477997, 11.359636, 9.213104, 0
-80.477997, 10.859636, 9.246799, 0
-80.477997, 10.359636, 9.280497, 0
-80.477997, 9.859636, 9.314239, 0
-80.477760, 9.344921, 9.348033, 0
-80.466682, 8.793921, 9.375106, 0
-80.431343, 8.274504, 9.395433, 0
-80.357498, 7.710655, 9.415780, 0
-80.245941, 7.153014, 9.436145, 0
-80.097206, 6.604123, 9.456530, 0
-79.911942, 6.066458, 9.476933, 0
-79.691002, 5.542445, 9.497355, 0
-79.435371, 5.034453, 9.517797, 0
-79.146194, 4.544772, 9.538258, 0
-78.824799, 4.075613, 9.558734, 0
-78.473953, 3.630655, 9.578796, 0
-78.139267, 3.254753, 9.597993, 0
-77.771553, 2.875797, 9.622241, 0
-77.406342, 2.513381, 9.647677, 0
-77.016220, 2.150141, 9.666115, 0
-76.593407, 1.797924, 9.680979, 0
-76.133537, 1.463374, 9.694976, 0
-75.652237, 1.160460, 9.708108, 0
-75.151680, 0.890546, 9.720372, 0
-74.634140, 0.654853, 9.731771, 0
-74.101929, 0.454445, 9.742302, 0
-73.557472, 0.290225, 9.751967, 0
-73.003204, 0.162936, 9.760794, 0
-72.441650, 0.073152, 9.769377, 0
-71.891975, 0.022023, 9.777959, 0
-71.355972, 0.002234, 9.787972, 0
-70.844765, 0.000000, 9.800846, 0
-70.344765, 0.000000, 9.815151, 0
-69.849998, 0.000000, 9.829306, 0
-69.349998, 0.000000, 9.843610, 0
-68.849998, 0.000000, 9.857915, 0
-68.349998, 0.000000, 9.872219, 0
-67.849998, 0.000000, 9.886523, 0
-67.349998, 0.000000, 9.900828, 0
-66.849998, 0.000000, 9.914991, 0
-66.349998, 0.000000, 9.928173, 0
-65.849998, 0.000000, 9.940232, 0
-65.349998, 0.000000, 9.951169, 0
-64.849998, 0.000000, 9.960983, 0
-64.349998, 0.000000, 9.969676, 0
-63.849998, 0.000000, 9.977246, 0
-63.349998, 0.000000, 9.983694, 0
-62.849998, 0.000000, 9.989019, 0
-62.349998, 0.000000, 9.993222, 0
-61.849998, 0.000000, 9.996304, 0
-61.349998, 0.000000, 9.998262, 0
-60.849998, 0.000000, 9.999099, 0
-60.349998, 0.000000, 9.999223, 0
-59.849998, 0.000000, 9.999331, 0
-59.349998, 0.000000, 9.999432, 0
-58.849998, 0.000000, 9.999524, 0
-58.349998, 0.000000, 9.999608, 0
-57.849998, 0.000000, 9.999684, 0
-57.349998, 0.000000, 9.999752, 0
-56.849998, 0.000000, 9.999811, 0
-56.349998, 0.000000, 9.999863, 0
-55.849998, 0.000000, 9.999906, 0
-55.349998, 0.000000, 9.999941, 0
-54.849998, 0.000000, 9.999968, 0
-54.349998, 0.000000, 9.999987, 0
-53.849998, 0.000000, 9.999997, 0
-53.349998, 0.000000, 10.000000, 0
-52.849998, 0.000000, 10.000000, 0
-52.349998, 0.000000, 10.000000, 0
-51.849998, 0.000000, 10.000000, 0
-51.349998, 0.000000, 10.000000, 0
-50.849998, 0.000000, 10.000000, 0
-50.349998, 0.000000, 10.000000, 0
